timestamps,EngineSpeed,WheelBasedVehicleSpeed,EngineFuelRate,TransmissionOilTemperature1
2019-11-24 11:35:38.494050026+02:00,924.5,1.53515625,3.2,21.09375
2019-11-24 11:35:38.498100042+02:00,924.291773778754,1.53515625,3.2,21.09375
2019-11-24 11:35:38.498650074+02:00,924.2634961439454,1.5343828125041796,3.2,21.09375
2019-11-24 11:35:38.513499975+02:00,923.5,1.5135000000044816,3.2,21.09375
2019-11-24 11:35:38.533499956+02:00,921.5,1.4853749999983425,3.2,21.09375
2019-11-24 11:35:38.553499937+02:00,921.0,1.457250000002435,3.2,21.09375
2019-11-24 11:35:38.573499918+02:00,920.0,1.429124999996296,3.2,21.09375
2019-11-24 11:35:38.594049931+02:00,919.5,1.4002265624943366,3.2,21.09375
2019-11-24 11:35:38.598099947+02:00,919.1868556703771,1.39453125,3.2,21.09375
2019-11-24 11:35:38.598649979+02:00,919.144329897406,1.3936718750046442,3.2,21.09375
2019-11-24 11:35:38.613450050+02:00,918.0,1.3705468749973226,3.1925999999981958,21.09375
2019-11-24 11:35:38.633500099+02:00,916.0,1.3392187499981583,3.1825749999991926,21.09375
2019-11-24 11:35:38.653450012+02:00,913.5,1.308046874995049,3.1725999999989236,21.09375
2019-11-24 11:35:38.673500061+02:00,913.0,1.2767187499958845,3.1625749999999204,21.09375
2019-11-24 11:35:38.694050074+02:00,912.5,1.2446093749937075,3.1522999999999715,21.09375
2019-11-24 11:35:38.698100090+02:00,912.395886889564,1.23828125,3.1502750000021322,21.09375
2019-11-24 11:35:38.698649883+02:00,912.3817480719727,1.2382243126099792,3.1500000000000004,21.09375
2019-11-24 11:35:38.713500023+02:00,912.0,1.2366870030914696,3.1500000000000004,21.09375
2019-11-24 11:35:38.728300095+02:00,910.5200000000436,1.235154869699531,3.1500000000000004,21.09375
2019-11-24 11:35:38.733500004+02:00,910.0,1.2346165525617616,3.1500000000000004,21.09456254062697
2019-11-24 11:35:38.753499985+02:00,909.5,1.2325461020313004,3.1500000000000004,21.09768769688543
2019-11-24 11:35:38.773449898+02:00,907.5,1.2304808276281634,3.1500000000000004,21.100805040251732
2019-11-24 11:35:38.794049978+02:00,905.5,1.2283482635818637,3.1500000000000004,21.10402395119783
2019-11-24 11:35:38.811300039+02:00,905.5,1.2265625,3.1500000000000004,21.106719398469753
2019-11-24 11:35:38.811899900+02:00,905.5,1.2263464861753446,3.1500000000000004,21.106813153157393
2019-11-24 11:35:38.813549995+02:00,905.5,1.2257524481549227,3.1500000000000004,21.10707097854954
2019-11-24 11:35:38.833050013+02:00,904.0,1.218731998848382,3.1500000000000004,21.110118005900116
2019-11-24 11:35:38.853499889+02:00,902.0,1.2113695276493108,3.1500000000000004,21.1133134781743
2019-11-24 11:35:38.873500109+02:00,900.5,1.204169066821351,3.1500000000000004,21.116438634431624
2019-11-24 11:35:38.894049883+02:00,901.0,1.1967705933190438,3.1500000000000004,21.119649732486703
2019-11-24 11:35:38.898099899+02:00,900.2712082256388,1.1953125,3.1500000000000004,21.12028257662941
2019-11-24 11:35:38.898699999+02:00,900.1632390740756,1.1949845389808436,3.1500000000000004,21.12037633131705
2019-11-24 11:35:38.913500071+02:00,897.5,1.1868948338350254,3.157399999998705,21.1226889469474
2019-11-24 11:35:38.933500051+02:00,897.5,1.17596279984989,3.167400000000888,21.125814103205858
2019-11-24 11:35:38.953350067+02:00,898.0,1.165112756123521,3.1773249999995072,21.128915820791267
2019-11-24 11:35:38.973500013+02:00,897.0,1.154098731887574,3.1873999999979774,21.132064415720496
2019-11-24 11:35:38.994100094+02:00,895.5,1.1428387368832824,3.197699999999862,21.135283326666595
2019-11-24 11:35:38.998150110+02:00,895.6041131106231,1.140625,3.1997250000014863,21.135916170809303
2019-11-24 11:35:38.998699903+02:00,895.6182519280273,1.140625,3.2,21.136002112605926
2019-11-24 11:35:39.013550043+02:00,896.0,1.140625,3.2074249999998927,21.13832254112729
2019-11-24 11:35:39.033550023+02:00,895.0,1.140625,3.2174249999984377,21.14144769738461
2019-11-24 11:35:39.053550005+02:00,893.0,1.140625,3.22742500000062,21.144572853643066
2019-11-24 11:35:39.073549986+02:00,892.5,1.140625,3.237424999999165,21.147698009900388
2019-11-24 11:35:39.094099998+02:00,892.5,1.140625,3.247699999999862,21.150909107955467
2019-11-24 11:35:39.098150015+02:00,892.3958868893769,1.140625,3.249725000001486,21.151541952098174
2019-11-24 11:35:39.098700047+02:00,892.3817480719727,1.1404102636193565,3.25,21.151627893894798
2019-11-24 11:35:39.113549948+02:00,892.0,1.1346123813107323,3.257421289355039,21.153948322416163
2019-11-24 11:35:39.133549929+02:00,891.0,1.1268037856070643,3.267416291855734,21.157073478674622
2019-11-24 11:35:39.153549910+02:00,892.5,1.1189951899062371,3.2774112943527927,21.16019863493194
2019-11-24 11:35:39.173549891+02:00,891.5,1.1111865942025692,3.287406296853488,21.163323791190397
2019-11-24 11:35:39.194149971+02:00,889.5,1.103143740630916,3.297701149425204,21.16654270213536
2019-11-24 11:35:39.198199987+02:00,889.3956185566049,1.1015625,3.2997251374327767,21.167175546278067
2019-11-24 11:35:39.198750019+02:00,889.3814432989478,1.101254406669926,3.3000000000000003,21.16726148807469
2019-11-24 11:35:39.213550091+02:00,889.0,1.0929638951991234,3.3000000000000003,21.16957410370504
2019-11-24 11:35:39.233599901+02:00,888.5,1.08173249282922,3.3000000000000003,21.17270707285451
2019-11-24 11:35:39.253550053+02:00,888.0,1.0705571074354612,3.3000000000000003,21.175824416220816
2019-11-24 11:35:39.273600101+02:00,888.5,1.0593257050696336,3.3000000000000003,21.178957385369152
2019-11-24 11:35:39.294150114+02:00,889.5,1.0478142178556904,3.3000000000000003,21.18216848342423
2019-11-24 11:35:39.302799940+02:00,889.2717678099986,1.04296875,3.3000000000000003,21.18352011350627
2019-11-24 11:35:39.303349972+02:00,889.2572559367302,1.042180539181406,3.3000000000000003,21.183606055302896
2019-11-24 11:35:39.313100100+02:00,889.0,1.028207710951135,3.294889937104358,21.18512956897932
2019-11-24 11:35:39.333549976+02:00,888.5,0.9989005994516693,3.284171907755982,21.18832504125237
2019-11-24 11:35:39.353600025+02:00,889.0,0.9701667321829605,3.273663522011997,21.191458010400705
2019-11-24 11:35:39.373549938+02:00,888.5,0.9415761759693339,3.2632075471681565,21.194575353768148
2019-11-24 11:35:39.394150019+02:00,887.0,0.9120540978820311,3.252410901467657,21.197794264713107
2019-11-24 11:35:39.398200035+02:00,886.895618556644,0.90625,3.2502882599565144,21.198427108855814
2019-11-24 11:35:39.398750067+02:00,886.8814432989923,0.90625,3.25,21.198513050652437
2019-11-24 11:35:39.413549900+02:00,886.5,0.90625,3.2425999999981956,21.200825666283922
2019-11-24 11:35:39.433599949+02:00,887.0,0.90625,3.2325749999991924,21.203958635432258
2019-11-24 11:35:39.453599930+02:00,883.5,0.90625,3.2225750000013753,21.20708379168958
2019-11-24 11:35:39.473000050+02:00,883.5,0.90625,3.2128749999996,21.210115193260396
2019-11-24 11:35:39.494149923+02:00,883.0,0.90625,3.2022999999999713,21.21342004600312
2019-11-24 11:35:39.498199940+02:00,882.8928571429396,0.90625,3.200275000002132,21.21405289014469
2019-11-24 11:35:39.498749971+02:00,882.8783068782723,0.9059707031228145,3.2,21.21413883194245
2019-11-24 11:35:39.513050079+02:00,882.5,0.898708984375109,3.2,21.21637331866605
2019-11-24 11:35:39.533600092+02:00,881.5,0.8882734374994015,3.2,21.219584416721133
2019-11-24 11:35:39.553600073+02:00,881.5,0.8781171874971846,3.2,21.22270957297959
2019-11-24 11:35:39.573050022+02:00,882.0,0.8682402343721531,3.2,21.225748787440285
2019-11-24 11:35:39.594099998+02:00,880.5,0.8575507812491613,3.2,21.229038014400977
2019-11-24 11:35:39.598200083+02:00,880.2897435898545,0.85546875,3.2,21.22967867143356
2019-11-24 11:35:39.598750114+02:00,880.2615384614322,0.855232421873168,3.2,21.229764613231325
2019-11-24 11:35:39.613600016+02:00,879.5,0.8488515624987244,3.1925787106449612,21.232085041752686
2019-11-24 11:35:39.633049965+02:00,879.0,0.8404941406243059,3.1828585707151262,21.235124256213382
2019-11-24 11:35:39.653599977+02:00,878.5,0.8316640624993497,3.1725887056472075,21.238335354268465
2019-11-24 11:35:39.673049927+02:00,877.0,0.8233066406249312,3.1628685657173725,21.24137456872916
2019-11-24 11:35:39.694149971+02:00,878.0,0.8142402343762694,3.1523238380822303,21.244671608580866
2019-11-24 11:35:39.698199987+02:00,877.7851458884293,0.8125,3.1502998500746577,21.245304452723573
2019-11-24 11:35:39.698800087+02:00,877.7533156497353,0.8117549668881352,3.1500000000000004,21.245398207411213
2019-11-24 11:35:39.713000059+02:00,877.0,0.794122516558944,3.1500000000000004,21.24761706835392
2019-11-24 11:35:39.728250027+02:00,875.8591022445859,0.7751862582839893,3.1500000000000004,21.25
2019-11-24 11:35:39.733050108+02:00,875.5,0.7692259933800363,3.1500000000000004,21.250150000000076
2019-11-24 11:35:39.753000021+02:00,875.0,0.7444536423834278,3.1500000000000004,21.25077343750013
2019-11-24 11:35:39.773050070+02:00,874.5,0.7195571192045201,3.1500000000000004,21.251400000000103
2019-11-24 11:35:39.794150114+02:00,873.5,0.6933567880798491,3.1500000000000004,21.252059375000044
2019-11-24 11:35:39.811450005+02:00,872.1692307694144,0.671875,3.1500000000000004,21.25260000000003
2019-11-24 11:35:39.812000036+02:00,872.126923076781,0.671875,3.1500000000000004,21.252617187500164
2019-11-24 11:35:39.813649893+02:00,872.0,0.671875,3.1500000000000004,21.25266875000011
2019-11-24 11:35:39.833199978+02:00,873.0,0.671875,3.1500000000000004,21.253279687500026
2019-11-24 11:35:39.853049994+02:00,872.0,0.671875,3.1500000000000004,21.253900000000158
2019-11-24 11:35:39.873049974+02:00,870.5,0.671875,3.1500000000000004,21.254525000000058
2019-11-24 11:35:39.894150019+02:00,870.5,0.671875,3.1500000000000004,21.255184375
2019-11-24 11:35:39.898200035+02:00,870.3925729442146,0.671875,3.1500000000000004,21.2553109375001
2019-11-24 11:35:39.898750067+02:00,870.3779840848775,0.6715742187516255,3.1500000000000004,21.255328125000005
2019-11-24 11:35:39.913000107+02:00,870.0,0.6637812500014165,3.1500000000000004,21.25577343750001
2019-11-24 11:35:39.933000088+02:00,868.5,0.6528437499990292,3.1500000000000004,21.25639843750014
2019-11-24 11:35:39.953049898+02:00,867.5,0.6418789062493215,3.1500000000000004,21.257025000000112
2019-11-24 11:35:39.973649979+02:00,868.0,0.6306132812512395,3.1500000000000004,21.257668749999993
2019-11-24 11:35:39.994149923+02:00,866.5,0.6194023437477976,3.1500000000000004,21.25830937500018
2019-11-24 11:35:39.998199940+02:00,866.1785714288189,0.6171875,3.1500000000000004,21.258435937500053
2019-11-24 11:35:39.998800039+02:00,866.1309523812365,0.616953242129174,3.1500000000000004,21.258454687500034
2019-11-24 11:35:40.013050079+02:00,865.0,0.6113896176913759,3.1500000000000004,21.25890000000004
2019-11-24 11:35:40.033050060+02:00,865.0,0.6035810219877079,3.1500000000000004,21.259525000000167
2019-11-24 11:35:40.053100109+02:00,864.0,0.5957529047966983,3.1500000000000004,21.26015156250014
2019-11-24 11:35:40.073050022+02:00,863.5,0.5879638305832128,3.1500000000000004,21.260775000000194
2019-11-24 11:35:40.094199896+02:00,863.0,0.5797062406280753,3.1500000000000004,21.26143593750021
2019-11-24 11:35:40.098249912+02:00,863.1074270556338,0.578125,3.1500000000000004,21.261562500000082
2019-11-24 11:35:40.098799944+02:00,863.1220159151695,0.5779101562483189,3.1500000000000004,21.261579687500216
2019-11-24 11:35:40.113049984+02:00,863.5,0.5723437500010118,3.1500000000000004,21.262024999999994
2019-11-24 11:35:40.133049964+02:00,863.0,0.5645312499993065,3.1500000000000004,21.26265000000012
2019-11-24 11:35:40.153100014+02:00,862.0,0.5566992187495154,3.1500000000000004,21.263276562500096
2019-11-24 11:35:40.173049927+02:00,861.5,0.548906249998738,3.1500000000000004,21.26390000000015
2019-11-24 11:35:40.194200039+02:00,860.5,0.5406445312484268,3.1500000000000004,21.264560937500164
2019-11-24 11:35:40.198250055+02:00,860.3925729444077,0.5390625,3.1500000000000004,21.264687500000036
2019-11-24 11:35:40.198800087+02:00,860.3779840848775,0.5386927879990201,3.1500000000000004,21.26470468750017
2019-11-24 11:35:40.213049889+02:00,860.0,0.5291138862301461,3.1500000000000004,21.265150000000176
2019-11-24 11:35:40.233050108+02:00,859.0,0.5156698135743942,3.1500000000000004,21.265775000000076
2019-11-24 11:35:40.253099917+02:00,859.5,0.5021921307354013,3.1500000000000004,21.26640156250005
2019-11-24 11:35:40.273050070+02:00,859.0,0.48878166825799957,3.1500000000000004,21.267025000000103
2019-11-24 11:35:40.294199944+02:00,859.0,0.47456456142193754,3.1500000000000004,21.26768593750012
2019-11-24 11:35:40.302850008+02:00,860.1411609494857,0.46875,3.1500000000000004,21.267956249999997
2019-11-24 11:35:40.303400040+02:00,860.2137203168152,0.46830240885069413,3.1500000000000004,21.26797343750013
2019-11-24 11:35:40.313149929+02:00,861.5,0.46036783854069213,3.1449218750012142,21.26827812500005
2019-11-24 11:35:40.333050013+02:00,869.0,0.44417317708375276,3.1345572916679876,21.26890000000003
2019-11-24 11:35:40.353100061+02:00,871.5,0.4278564453144429,3.1241145833348374,21.269526562500005
2019-11-24 11:35:40.373100042+02:00,873.5,0.41158040364530907,3.1136979166658025,21.270151562500132
2019-11-24 11:35:40.394200087+02:00,875.5,0.3944091796894059,3.1027083333331915,21.270810937500073
2019-11-24 11:35:40.398849964+02:00,875.3766578248676,0.390625,3.100286458331788,21.270956250000154
2019-11-24 11:35:40.399399996+02:00,875.3620689655305,0.3899765782228239,3.1,21.27097343750006
2019-11-24 11:35:40.413049936+02:00,875.0,0.3738839285738794,3.0519366197151525,21.271400000000085
2019-11-24 11:35:40.433049917+02:00,873.5,0.3503049547258158,2.981514084488936,21.272025000000212
2019-11-24 11:35:40.453099966+02:00,874.0,0.3266670334489222,2.910915492941947,21.272651562500187
2019-11-24 11:35:40.473050117+02:00,874.0,0.30314700704684455,2.8406690140877418,21.273275000000012
2019-11-24 11:35:40.494199991+02:00,873.0,0.27821224220702073,2.766197183099468,21.273935937500028
2019-11-24 11:35:40.498250008+02:00,872.7851458884293,0.2734375,2.7519366197078328,21.274062500000127
2019-11-24 11:35:40.498800039+02:00,872.7559681697551,0.2736953124986068,2.75,21.274079687500034
2019-11-24 11:35:40.513050079+02:00,872.0,0.28037499999878585,2.735750000000655,21.27452500000004
2019-11-24 11:35:40.533099890+02:00,871.5,0.2897734374985351,2.7157000000026486,21.275151562500014
2019-11-24 11:35:40.553050041+02:00,871.0,0.29912499999946796,2.69575000000211,21.275775000000067
2019-11-24 11:35:40.573050022+02:00,870.5,0.3085000000015143,2.6757499999992,21.276400000000194
2019-11-24 11:35:40.594199896+02:00,870.0,0.31841406250188775,2.654599999999942,21.27706093750021
2019-11-24 11:35:40.598249912+02:00,869.7912371135848,0.3203125,2.650550000004264,21.277187500000082
2019-11-24 11:35:40.598799944+02:00,869.7628865978957,0.3199042968718058,2.6500000000000004,21.277204687500216
2019-11-24 11:35:40.613600016+02:00,869.0,0.3089199218737283,2.642603698151857,21.27766718750013
2019-11-24 11:35:40.633100033+02:00,868.0,0.29444726562191925,2.63285857071388,21.278276562500196
2019-11-24 11:35:40.653100014+02:00,866.0,0.27960351562407926,2.622863568216094,21.278901562500096
2019-11-24 11:35:40.673049927+02:00,864.5,0.26479687499760235,2.6128935532221074,21.27952500000015
2019-11-24 11:35:40.694200039+02:00,862.0,0.24909960937201103,2.6023238380787626,21.280185937500164
2019-11-24 11:35:40.698250055+02:00,862.1074270555923,0.24609375,2.6002998500746792,21.280312500000036
2019-11-24 11:35:40.698849916+02:00,862.1233421749394,0.24594881846304348,2.6,21.280331250000017
2019-11-24 11:35:40.713049889+02:00,862.5,0.24251877208371883,2.606272084807908,21.280775000000176
2019-11-24 11:35:40.728250027+02:00,862.5,0.23884717314514337,2.6129858657241605,21.28125
2019-11-24 11:35:40.733350039+02:00,862.5,0.23761525507925532,2.615238515901784,21.281409367031713
2019-11-24 11:35:40.753099918+02:00,861.5,0.2328445919830828,2.6239620141347855,21.282026523673863
2019-11-24 11:35:40.773050070+02:00,860.5,0.2280256183740056,2.632773851591384,21.2826499300036
2019-11-24 11:35:40.794199944+02:00,859.5,0.2229167816910153,2.6421157243831375,21.28331083445839
2019-11-24 11:35:40.811450005+02:00,858.6153846156286,0.21875,2.6497349823324226,21.283849870006524
2019-11-24 11:35:40.812050104+02:00,858.5846153848938,0.2182909706226072,2.6500000000000004,21.28386861906905
2019-11-24 11:35:40.813699961+02:00,858.5,0.21702863982921056,2.6509504608326755,21.28392017899123
2019-11-24 11:35:40.833300114+02:00,856.5,0.20203368015286857,2.6622407834125092,21.284532648367747
2019-11-24 11:35:40.853549957+02:00,856.5,0.18654143864916223,2.6739055299564765,21.285165429228748
2019-11-24 11:35:40.873100042+02:00,856.5,0.17158473142279182,2.685167050691626,21.28577633618331
2019-11-24 11:35:40.894249916+02:00,856.5,0.1554039458529963,2.697350230414766,21.286437240638104
2019-11-24 11:35:40.898250103+02:00,856.2877984084491,0.15234375,2.6996543778805515,21.28656223438844
2019-11-24 11:35:40.898849964+02:00,856.2559681697551,0.15201562500032628,2.7,21.286580983450968
2019-11-24 11:35:40.913100004+02:00,855.5,0.14422265625011738,2.714250000000382,21.28702627368646
2019-11-24 11:35:40.933049917+02:00,855.0,0.1333124999990291,2.7342000000023723,21.287649680016198
2019-11-24 11:35:40.953099966+02:00,855.5,0.12234765624932158,2.7542500000018375,21.28827621118961
2019-11-24 11:35:40.973099947+02:00,855.0,0.11141015625091319,2.774249999998927,21.28890117994107
2019-11-24 11:35:40.994199991+02:00,855.0,0.09987109375177664,2.7953499999973483,21.289560521973907
2019-11-24 11:35:40.998250008+02:00,855.1071428572116,0.09765625,2.7994000000005967,21.2896870781462
2019-11-24 11:35:40.998850107+02:00,855.1230158730663,0.09714088268418287,2.8000000000000003,21.289705827208728
2019-11-24 11:35:41.013099909+02:00,855.5,0.08490090892102696,2.8000000000000003,21.29015111744422
2019-11-24 11:35:41.033099890+02:00,855.5,0.06772199837920709,2.8000000000000003,21.29077608619568
2019-11-24 11:35:41.053149939+02:00,855.5,0.050500140552736245,2.8000000000000003,21.29140261736932
2019-11-24 11:35:41.073100090+02:00,855.5,0.033364177289317676,2.8000000000000003,21.29202602369883
2019-11-24 11:35:41.094249964+02:00,856.5,0.015197479388015217,2.8000000000000003,21.29268692815362
2019-11-24 11:35:41.098299980+02:00,856.1785714283652,0.01171875,2.8000000000000003,21.29281348432591
2019-11-24 11:35:41.098900080+02:00,856.1309523808011,0.011648437500069917,2.8000000000000003,21.29283223338844
2019-11-24 11:35:41.113149881+02:00,855.0,0.009978515625025153,2.792874999999809,21.29327752362393
2019-11-24 11:35:41.133100033+02:00,855.5,0.007640624999791953,2.782899999998814,21.29390092995367
2019-11-24 11:35:41.153150082+02:00,856.5,0.005291015624854623,2.7728749999990816,21.294527461127082
2019-11-24 11:35:41.173150063+02:00,856.5,0.0029472656251956827,2.7628750000005367,21.29515242987854
2019-11-24 11:35:41.194250107+02:00,856.0,0.00047460937538070826,2.752325000001326,21.29581177191138
2019-11-24 11:35:41.198299885+02:00,855.8928571427884,0.0,2.7502999999997018,21.295938328083672
2019-11-24 11:35:41.198899984+02:00,855.8769841269337,0.0,2.75,21.2959570771462
2019-11-24 11:35:41.213150024+02:00,855.5,0.0,2.75,21.296402367381692
2019-11-24 11:35:41.233099937+02:00,856.0,0.0,2.75,21.29702577371143
2019-11-24 11:35:41.253149986+02:00,854.0,0.0,2.75,21.297652304884842
2019-11-24 11:35:41.273149967+02:00,852.0,0.0,2.75,21.2982772736363
2019-11-24 11:35:41.294250011+02:00,852.5,0.0,2.75,21.298936615669366
2019-11-24 11:35:41.302900076+02:00,852.5,0.0,2.75,21.299206914654295
2019-11-24 11:35:41.303450108+02:00,852.5,0.0,2.75,21.2992241012951
2019-11-24 11:35:41.313250065+02:00,852.5,0.0,2.75,21.29953033598336
2019-11-24 11:35:41.333149910+02:00,852.0,0.0,2.75,21.30015217989114
2019-11-24 11:35:41.353100061+02:00,852.0,0.0,2.75,21.30077558622065
2019-11-24 11:35:41.373100042+02:00,851.5,0.0,2.75,21.301400554972336
2019-11-24 11:35:41.394249916+02:00,849.0,0.0,2.75,21.302061459427126
2019-11-24 11:35:41.398299932+02:00,848.1405835552613,0.0,2.75,21.30218801559919
2019-11-24 11:35:41.398900032+02:00,848.0132626004852,0.0,2.75,21.30220676466172
2019-11-24 11:35:41.413100004+02:00,845.0,0.0,2.757103551778182,21.302650492475486
2019-11-24 11:35:41.433099985+02:00,843.5,0.0,2.7671085542774865,21.303275461226946
2019-11-24 11:35:41.453150034+02:00,843.0,0.0,2.7771385692842308,21.30390199240036
2019-11-24 11:35:41.473099947+02:00,842.5,0.0,2.7871185592797345,21.304525398730096
2019-11-24 11:35:41.494250059+02:00,842.0,0.0,2.797698849424687,21.305186303184886
2019-11-24 11:35:41.498300076+02:00,842.322281167356,0.0,2.7997248624327162,21.305312859357176
2019-11-24 11:35:41.498850107+02:00,842.3660477453673,0.0,2.8000000000000003,21.305330045997753
2019-11-24 11:35:41.513099909+02:00,843.5,0.0,2.821247514911233,21.305775336233243
2019-11-24 11:35:41.533099890+02:00,843.0,0.0,2.851068588465718,21.306400304984706
2019-11-24 11:35:41.553149939+02:00,841.5,0.0,2.8809642147184915,21.307026836158347
2019-11-24 11:35:41.573100090+02:00,842.5,0.0,2.9107107355855377,21.307650242487853
2019-11-24 11:35:41.594249964+02:00,843.0,0.0,2.942246520875183,21.308311146942646
2019-11-24 11:35:41.598900080+02:00,843.1230158730663,0.0,2.9491799204815643,21.308456452177463
2019-11-24 11:35:41.599450111+02:00,843.1375661375356,0.0,2.95,21.30847363881804
2019-11-24 11:35:41.613149881+02:00,843.5,0.0,2.9637757667199045,21.308901742412957
2019-11-24 11:35:41.633100033+02:00,844.5,0.0,2.9838360985463437,21.30952514874269
2019-11-24 11:35:41.653150082+02:00,845.5,0.0,3.0039969834119704,21.310151679916107
2019-11-24 11:35:41.673150063+02:00,844.5,0.0,3.0241075917543454,21.310776648667566
2019-11-24 11:35:41.694250107+02:00,843.5,0.0,3.045324283557051,21.311435990700403
2019-11-24 11:35:41.698299885+02:00,843.5,0.0,3.0493966817502414,21.311562546872693
2019-11-24 11:35:41.698899984+02:00,843.5,0.0,3.0500000000000003,21.311581295935223
2019-11-24 11:35:41.713150024+02:00,843.5,0.0,3.0500000000000003,21.312026586170717
2019-11-24 11:35:41.728300095+02:00,843.8796992480695,0.0,3.0500000000000003,21.3125
2019-11-24 11:35:41.733099937+02:00,844.0,0.0,3.0500000000000003,21.31235000749955
2019-11-24 11:35:41.753149986+02:00,844.0,0.0,3.0500000000000003,21.311723476326137
2019-11-24 11:35:41.773149967+02:00,844.5,0.0,3.0500000000000003,21.311098507574673
2019-11-24 11:35:41.794250011+02:00,845.5,0.0,3.0500000000000003,21.31043916554161
2019-11-24 11:35:41.811500072+02:00,844.6176470588455,0.0,3.0500000000000003,21.309900129993476
2019-11-24 11:35:41.812099934+02:00,844.5869565217877,0.0,3.0500000000000003,21.30988138093095
2019-11-24 11:35:41.813800097+02:00,844.5,0.0,3.0500000000000003,21.309828258587043
2019-11-24 11:35:41.833349943+02:00,843.5,0.0,3.0500000000000003,21.30921735163248
2019-11-24 11:35:41.853149891+02:00,843.5,0.0,3.0500000000000003,21.308598632568376
2019-11-24 11:35:41.873150110+02:00,844.0,0.0,3.0500000000000003,21.30797366381669
2019-11-24 11:35:41.894249916+02:00,845.0,0.0,3.0500000000000003,21.30731432178385
2019-11-24 11:35:41.898299932+02:00,845.0,0.0,3.0500000000000003,21.307187765611786
2019-11-24 11:35:41.898900032+02:00,845.0,0.0,3.0500000000000003,21.30716901654926
2019-11-24 11:35:41.913150072+02:00,845.0,0.0,3.0500000000000003,21.306723726313766
2019-11-24 11:35:41.933150053+02:00,846.5,0.0,3.0500000000000003,21.30609875756208
2019-11-24 11:35:41.953150034+02:00,845.5,0.0,3.0500000000000003,21.305473788810616
2019-11-24 11:35:41.973150015+02:00,843.5,0.0,3.0500000000000003,21.30484882005893
2019-11-24 11:35:41.994250059+02:00,844.0,0.0,3.0500000000000003,21.304189478026093
2019-11-24 11:35:41.998300076+02:00,844.2142857144232,0.0,3.0500000000000003,21.3040629218538
2019-11-24 11:35:41.998850107+02:00,844.2433862433618,0.0,3.0500000000000003,21.304045735213226
2019-11-24 11:35:42.013149977+02:00,845.0,0.0,3.0500000000000003,21.30359888255578
2019-11-24 11:35:42.033149958+02:00,845.5,0.0,3.0500000000000003,21.30297391380432
2019-11-24 11:35:42.053149939+02:00,845.5,0.0,3.0500000000000003,21.302348945052632
2019-11-24 11:35:42.073149920+02:00,846.0,0.0,3.0500000000000003,21.30172397630117
2019-11-24 11:35:42.094300032+02:00,845.5,0.0,3.0500000000000003,21.30106307184638
2019-11-24 11:35:42.098350048+02:00,845.0736842109617,0.0,3.0500000000000003,21.300936515674316
2019-11-24 11:35:42.098900080+02:00,845.0157894736681,0.0,3.0500000000000003,21.300919329033512
2019-11-24 11:35:42.113300085+02:00,843.5,0.0,3.0500000000000003,21.30046935153239
2019-11-24 11:35:42.133150101+02:00,844.0,0.0,3.0500000000000003,21.29984907004656
2019-11-24 11:35:42.153150082+02:00,845.0,0.0,3.0500000000000003,21.29922410129487
2019-11-24 11:35:42.173150063+02:00,845.0,0.0,3.0500000000000003,21.29859913254341
2019-11-24 11:35:42.194250107+02:00,845.0,0.0,3.0500000000000003,21.297939790510572
2019-11-24 11:35:42.198349953+02:00,845.325396825791,0.0,3.0500000000000003,21.297811671916328
2019-11-24 11:35:42.198899984+02:00,845.3690476191989,0.0,3.0500000000000003,21.297794485275755
2019-11-24 11:35:42.213150024+02:00,846.5,0.0,3.056808408982332,21.297349195040262
2019-11-24 11:35:42.233150005+02:00,846.0,0.0,3.066364070710274,21.2967242262888
2019-11-24 11:35:42.253149986+02:00,845.0,0.0,3.0759197324416925,21.29609925753711
2019-11-24 11:35:42.273449898+02:00,846.0,0.0,3.0856187290954322,21.29546491425439
2019-11-24 11:35:42.294300079+02:00,847.5,0.0,3.0955805064487847,21.294813384330862
2019-11-24 11:35:42.302949905+02:00,847.5,0.0,3.099713330148405,21.294543085345705
2019-11-24 11:35:42.303550005+02:00,847.5,0.0,3.1,21.294524336283175
2019-11-24 11:35:42.313299894+02:00,847.5,0.0,3.1,21.294219664016868
2019-11-24 11:35:42.333149910+02:00,847.0,0.0,3.1,21.293599382530815
2019-11-24 11:35:42.353199959+02:00,847.5,0.0,3.1,21.2929728513574
2019-11-24 11:35:42.373150110+02:00,848.0,0.0,3.1,21.292349445027664
2019-11-24 11:35:42.394299984+02:00,847.0,0.0,3.1,21.2916885405731
2019-11-24 11:35:42.398350+02:00,847.2142857144232,0.0,3.1,21.29156198440081
2019-11-24 11:35:42.398950100+02:00,847.2460317461325,0.0,3.1,21.29154323533828
2019-11-24 11:35:42.413199902+02:00,848.0,0.0,3.1,21.291097945102788
2019-11-24 11:35:42.433749914+02:00,849.0,0.0,3.1,21.290455789710528
2019-11-24 11:35:42.453200102+02:00,849.5,0.0,3.1,21.28984800759964
2019-11-24 11:35:42.473200083+02:00,849.0,0.0,3.1,21.289223038848178
2019-11-24 11:35:42.494299889+02:00,849.5,0.0,3.1,21.288563696815114
2019-11-24 11:35:42.498349905+02:00,849.8172323756577,0.0,3.1,21.28843714064305
2019-11-24 11:35:42.498950005+02:00,849.864229764644,0.0,3.1,21.288418391580525
2019-11-24 11:35:42.513449907+02:00,851.0,0.0,3.1,21.28796528923549
2019-11-24 11:35:42.533750057+02:00,851.0,0.0,3.1,21.287330945952768
2019-11-24 11:35:42.553200006+02:00,852.0,0.0,3.1,21.28672316384188
2019-11-24 11:35:42.573199987+02:00,853.0,0.0,3.1,21.286098195090194
2019-11-24 11:35:42.594300032+02:00,853.0,0.0,3.1,21.285438853057354
2019-11-24 11:35:42.598350048+02:00,853.0,0.0,3.1,21.28531229688529
2019-11-24 11:35:42.598949909+02:00,853.0,0.0,3.1,21.285293547822537
2019-11-24 11:35:42.613149881+02:00,853.0,0.0,3.0929000000009967,21.284849820008997
2019-11-24 11:35:42.633749962+02:00,853.5,0.0,3.0826000000027505,21.284206102195007
2019-11-24 11:35:42.653199911+02:00,855.0,0.0,3.0728750000027194,21.28359832008412
2019-11-24 11:35:42.673199892+02:00,855.0,0.0,3.062875000000537,21.282973351332434
2019-11-24 11:35:42.694299936+02:00,856.0,0.0,3.0523250000013262,21.282314009299597
2019-11-24 11:35:42.698349953+02:00,856.1065789474511,0.0,3.050299999999702,21.282187453127307
2019-11-24 11:35:42.698950052+02:00,856.1223684211192,0.0,3.0500000000000003,21.282168704064777
2019-11-24 11:35:42.713299990+02:00,856.5,0.0,3.0436616607784117,21.281720288985607
2019-11-24 11:35:42.728349924+02:00,856.1320293398746,0.0,3.03701413427584,21.28125
2019-11-24 11:35:42.733750105+02:00,856.0,0.0,3.0346289752644275,21.28141874156298
2019-11-24 11:35:42.753149986+02:00,855.0,0.0,3.026060070671918,21.282024961251917
2019-11-24 11:35:42.773200035+02:00,855.5,0.0,3.0172040636051274,21.282651492425337
2019-11-24 11:35:42.794300079+02:00,856.5,0.0,3.0078842756200768,21.283310834458177
2019-11-24 11:35:42.811599970+02:00,856.057544757148,0.0,3.0002429328640887,21.283851432428268
2019-11-24 11:35:42.812150002+02:00,856.0434782608777,0.0,3.0,21.28386861906907
2019-11-24 11:35:42.813849926+02:00,856.0,0.0,2.9990269032623473,21.283921741412975
2019-11-24 11:35:42.833400011+02:00,857.0,0.0,2.9878362907855913,21.284532648367545
2019-11-24 11:35:42.853250027+02:00,857.5,0.0,2.976473955355377,21.28515292985338
2019-11-24 11:35:42.873150110+02:00,857.0,0.0,2.965082999427366,21.285774773761393
2019-11-24 11:35:42.894299984+02:00,856.0,0.0,2.9529765312002203,21.28643567821596
2019-11-24 11:35:42.898950100+02:00,856.0,0.0,2.9503148254174505,21.28658098345078
2019-11-24 11:35:42.899499893+02:00,856.0,0.0,2.95,21.286598170091583
2019-11-24 11:35:42.913199902+02:00,856.0,0.0,2.95,21.287026273686276
2019-11-24 11:35:42.933749914+02:00,857.0,0.0,2.95,21.287668429078543
2019-11-24 11:35:42.953200102+02:00,856.5,0.0,2.95,21.288276211189434
2019-11-24 11:35:42.973200083+02:00,857.0,0.0,2.95,21.2889011799409
2019-11-24 11:35:42.994299889+02:00,857.0,0.0,2.95,21.28956052197397
2019-11-24 11:35:42.998950005+02:00,856.8769841270788,0.0,2.95,21.28970582720856
2019-11-24 11:35:42.999500036+02:00,856.8624338624114,0.0,2.95,21.289723013849365
2019-11-24 11:35:43.013200045+02:00,856.5,0.0,2.943112116643706,21.290151117444058
2019-11-24 11:35:43.033799887+02:00,856.0,0.0,2.9327551533439813,21.29079483525828
2019-11-24 11:35:43.053200006+02:00,855.5,0.0,2.923001508297673,21.291401054947215
2019-11-24 11:35:43.073199987+02:00,855.5,0.0,2.912946204122828,21.29202602369891
2019-11-24 11:35:43.094350100+02:00,854.5,0.0,2.902312719959849,21.292686928153703
2019-11-24 11:35:43.098400116+02:00,854.3925729444077,0.0,2.900276520866912,21.29281348432577
2019-11-24 11:35:43.098949909+02:00,854.3779840848775,0.0,2.9000000000000004,21.29283067096657
2019-11-24 11:35:43.113199949+02:00,854.0,0.0,2.9000000000000004,21.293275961202067
2019-11-24 11:35:43.133800029+02:00,853.5,0.0,2.9000000000000004,21.29391967901606
2019-11-24 11:35:43.153249979+02:00,853.0,0.0,2.9000000000000004,21.29452746112695
2019-11-24 11:35:43.173199892+02:00,852.5,0.0,2.9000000000000004,21.29515086745669
2019-11-24 11:35:43.194350004+02:00,852.0,0.0,2.9000000000000004,21.295811771911488
2019-11-24 11:35:43.198400021+02:00,852.2148541111846,0.0,2.9000000000000004,21.29593832808355
2019-11-24 11:35:43.198950052+02:00,852.2440318302449,0.0,2.9000000000000004,21.295955514724355
2019-11-24 11:35:43.213200092+02:00,853.0,0.0,2.9000000000000004,21.29640080495985
2019-11-24 11:35:43.233750105+02:00,851.5,0.0,2.9000000000000004,21.297042960352115
2019-11-24 11:35:43.253200054+02:00,851.5,0.0,2.9000000000000004,21.297650742463006
2019-11-24 11:35:43.273200035+02:00,851.5,0.0,2.9000000000000004,21.298275711214472
2019-11-24 11:35:43.294349909+02:00,851.0,0.0,2.9000000000000004,21.29893661566927
2019-11-24 11:35:43.302999973+02:00,851.0,0.0,2.9000000000000004,21.2992069146542
2019-11-24 11:35:43.303600073+02:00,851.0,0.0,2.9000000000000004,21.299225663716953
2019-11-24 11:35:43.313299894+02:00,851.0,0.0,2.90508385743985,21.29952877356131
2019-11-24 11:35:43.333750010+02:00,851.0,0.0,2.9158018867920394,21.3001678041099
2019-11-24 11:35:43.353199959+02:00,852.0,0.0,2.925995807127531,21.30077558622079
2019-11-24 11:35:43.373199940+02:00,851.5,0.0,2.9364779874195372,21.301400554972254
2019-11-24 11:35:43.394350052+02:00,851.5,0.0,2.9475628930803643,21.30206145942705
2019-11-24 11:35:43.398400068+02:00,851.5,0.0,2.9496855345915067,21.30218801559934
2019-11-24 11:35:43.398999929+02:00,851.5,0.0,2.95,21.30220676466187
2019-11-24 11:35:43.413199902+02:00,851.5,0.0,2.95,21.30265049247541
2019-11-24 11:35:43.433799982+02:00,851.5,0.0,2.95,21.303294210289636
2019-11-24 11:35:43.453200102+02:00,851.5,0.0,2.95,21.303900429978572
2019-11-24 11:35:43.473200083+02:00,851.5,0.0,2.95,21.304525398730036
2019-11-24 11:35:43.494349957+02:00,852.5,0.0,2.95,21.305186303184833
2019-11-24 11:35:43.498399973+02:00,852.5,0.0,2.95,21.305312859357123
2019-11-24 11:35:43.499000072+02:00,852.5,0.0,2.95,21.305331608419653
2019-11-24 11:35:43.513200045+02:00,852.5,0.0,2.95,21.305775336233197
2019-11-24 11:35:43.533799887+02:00,852.0,0.0,2.95,21.306419054047417
2019-11-24 11:35:43.553250074+02:00,852.0,0.0,2.95,21.307026836158308
2019-11-24 11:35:43.573199987+02:00,851.5,0.0,2.95,21.307650242488045
2019-11-24 11:35:43.594350100+02:00,851.5,0.0,2.95,21.30831114694284
2019-11-24 11:35:43.598400116+02:00,851.5,0.0,2.95,21.308437703114905
2019-11-24 11:35:43.598949909+02:00,851.5,0.0,2.95,21.30845488975571
2019-11-24 11:35:43.613199949+02:00,851.5,0.0,2.942853560681876,21.308900179991205
2019-11-24 11:35:43.633749962+02:00,852.0,0.0,2.9325476429315973,21.309542335383245
2019-11-24 11:35:43.653249979+02:00,852.0,0.0,2.922768304916362,21.31015167991609
2019-11-24 11:35:43.673199892+02:00,851.0,0.0,2.912763289870259,21.31077508624583
2019-11-24 11:35:43.694000006+02:00,850.5,0.0,2.9023319959892873,21.311425053747406
2019-11-24 11:35:43.698050022+02:00,850.5,0.0,2.9003009027078246,21.311551609919697
2019-11-24 11:35:43.698649883+02:00,850.5,0.0,2.9000000000000004,21.311570358982227
2019-11-24 11:35:43.713249922+02:00,850.5,0.0,2.9000000000000004,21.312026586170713
2019-11-24 11:35:43.728399992+02:00,850.130487805004,0.0,2.9000000000000004,21.3125
2019-11-24 11:35:43.733750105+02:00,850.0,0.0,2.9000000000000004,21.313168683132524
2019-11-24 11:35:43.753249884+02:00,850.5,0.0,2.9000000000000004,21.315605939406247
2019-11-24 11:35:43.773200035+02:00,851.5,0.0,2.9000000000000004,21.318099440056383
2019-11-24 11:35:43.794349909+02:00,851.0,0.0,2.9000000000000004,21.320742925707865
2019-11-24 11:35:43.811599970+02:00,851.0,0.0,2.9000000000000004,21.32289896010406
2019-11-24 11:35:43.812200069+02:00,851.0,0.0,2.9000000000000004,21.32297395260473
2019-11-24 11:35:43.813849926+02:00,851.0,0.0,2.9000000000000004,21.323180181982494
2019-11-24 11:35:43.833450079+02:00,850.5,0.0,2.9000000000000004,21.325629937006934
2019-11-24 11:35:43.853250027+02:00,850.5,0.0,2.9000000000000004,21.328104689530992
2019-11-24 11:35:43.873250008+02:00,850.0,0.0,2.9000000000000004,21.330604439556488
2019-11-24 11:35:43.894350052+02:00,850.0,0.0,2.9000000000000004,21.33324167583261
2019-11-24 11:35:43.898400068+02:00,850.2142857144232,0.0,2.9000000000000004,21.33374787521307
2019-11-24 11:35:43.898999929+02:00,850.2460317461325,0.0,2.9000000000000004,21.333822867713742
2019-11-24 11:35:43.913249969+02:00,851.0,0.0,2.907125000000191,21.335603939606568
2019-11-24 11:35:43.933599949+02:00,851.0,0.0,2.917299999999775,21.33814743525685
2019-11-24 11:35:43.953249931+02:00,850.5,0.0,2.927125000000919,21.340603439656647
2019-11-24 11:35:43.973249912+02:00,851.0,0.0,2.9371249999994635,21.343103189681234
2019-11-24 11:35:43.994349957+02:00,851.0,0.0,2.947674999998674,21.345740425957356
2019-11-24 11:35:43.998399973+02:00,850.8931398416335,0.0,2.9497000000002984,21.346246625337816
2019-11-24 11:35:43.999000072+02:00,850.877308707089,0.0,2.95,21.346321617838488
2019-11-24 11:35:44.013299942+02:00,850.5,0.0,2.942853573212185,21.348108939106673
2019-11-24 11:35:44.033799887+02:00,850.5,0.0,2.9326086956517,21.350671182882124
2019-11-24 11:35:44.053299904+02:00,851.5,0.0,2.9228635682144315,21.353108439156752
2019-11-24 11:35:44.073250055+02:00,851.0,0.0,2.912893553224806,21.35560193980598
2019-11-24 11:35:44.094399929+02:00,850.5,0.0,2.9023238380822303,21.35824542545746
2019-11-24 11:35:44.098449945+02:00,850.6071428572116,0.0,2.9002998500746577,21.35875162483792
2019-11-24 11:35:44.099050045+02:00,850.6230158730663,0.0,2.9000000000000004,21.358826617338593
2019-11-24 11:35:44.113300085+02:00,851.0,0.0,2.9000000000000004,21.36060768923142
2019-11-24 11:35:44.133800029+02:00,850.5,0.0,2.9000000000000004,21.36316993300687
2019-11-24 11:35:44.153300047+02:00,849.5,0.0,2.9000000000000004,21.365607189281498
2019-11-24 11:35:44.173249960+02:00,849.5,0.0,2.9000000000000004,21.368100689931634
2019-11-24 11:35:44.194400072+02:00,850.5,0.0,2.9000000000000004,21.37074417558221
2019-11-24 11:35:44.198450089+02:00,850.5,0.0,2.9000000000000004,21.371250374962667
2019-11-24 11:35:44.199049950+02:00,850.5,0.0,2.9000000000000004,21.371325367463342
2019-11-24 11:35:44.213299990+02:00,850.5,0.0,2.9000000000000004,21.373106439356164
2019-11-24 11:35:44.233799934+02:00,850.0,0.0,2.9000000000000004,21.375668683131615
2019-11-24 11:35:44.253299952+02:00,850.5,0.0,2.9000000000000004,21.378105939406247
2019-11-24 11:35:44.273250103+02:00,850.5,0.0,2.9000000000000004,21.380599440056383
2019-11-24 11:35:44.294349909+02:00,849.5,0.0,2.9000000000000004,21.383236676332505
2019-11-24 11:35:44.303050041+02:00,849.5,0.0,2.9000000000000004,21.384324067593187
2019-11-24 11:35:44.303600073+02:00,849.5,0.0,2.9000000000000004,21.38439281071941
2019-11-24 11:35:44.313400030+02:00,849.5,0.0,2.9000000000000004,21.38561768823163
2019-11-24 11:35:44.333800077+02:00,850.5,0.0,2.9000000000000004,21.38816743325636
2019-11-24 11:35:44.353250027+02:00,850.5,0.0,2.9000000000000004,21.39059844015563
2019-11-24 11:35:44.373250008+02:00,850.0,0.0,2.9000000000000004,21.393098190181128
2019-11-24 11:35:44.394399881+02:00,850.0,0.0,2.9000000000000004,21.39574167583261
2019-11-24 11:35:44.398449898+02:00,849.8925729444077,0.0,2.9000000000000004,21.39624787521216
2019-11-24 11:35:44.398999929+02:00,849.8779840848775,0.0,2.9000000000000004,21.396316618338382
2019-11-24 11:35:44.413249969+02:00,849.5,0.0,2.9000000000000004,21.398097690231207
2019-11-24 11:35:44.433799982+02:00,849.0,0.0,2.9000000000000004,21.400666183382018
2019-11-24 11:35:44.453299999+02:00,849.0,0.0,2.9000000000000004,21.403103439655737
2019-11-24 11:35:44.473249912+02:00,850.0,0.0,2.9000000000000004,21.405596940305873
2019-11-24 11:35:44.494400024+02:00,850.0,0.0,2.9000000000000004,21.408240425957356
2019-11-24 11:35:44.498450041+02:00,849.7857142855768,0.0,2.9000000000000004,21.408746625337816
2019-11-24 11:35:44.499000072+02:00,849.7566137566382,0.0,2.9000000000000004,21.40881536846313
2019-11-24 11:35:44.513299941+02:00,849.0,0.0,2.907150000001379,21.410602689731313
2019-11-24 11:35:44.533799887+02:00,850.0,0.0,2.917400000000888,21.413164933506764
2019-11-24 11:35:44.553299904+02:00,851.0,0.0,2.9271500000021065,21.415602189781392
2019-11-24 11:35:44.573250055+02:00,850.5,0.0,2.9371249999994635,21.41809569043062
2019-11-24 11:35:44.594399929+02:00,850.5,0.0,2.947699999999862,21.420739176082105
2019-11-24 11:35:44.598449945+02:00,850.7148541115707,0.0,2.9497250000014863,21.42124537546256
2019-11-24 11:35:44.598999977+02:00,850.7440318302449,0.0,2.95,21.421314118587876
2019-11-24 11:35:44.613250017+02:00,851.5,0.0,2.9428749999998094,21.4230951904807
2019-11-24 11:35:44.633800030+02:00,851.0,0.0,2.9325999999991126,21.42566368363151
2019-11-24 11:35:44.653300047+02:00,850.5,0.0,2.922849999997894,21.42810093990614
2019-11-24 11:35:44.673249960+02:00,851.5,0.0,2.912874999996899,21.430594440556277
2019-11-24 11:35:44.694350004+02:00,851.5,0.0,2.9023249999976883,21.4332316768324
2019-11-24 11:35:44.698450089+02:00,851.2830687831075,0.0,2.9002749999985142,21.433744125587307
2019-11-24 11:35:44.698999882+02:00,851.2539682541577,0.0,2.9000000000000004,21.43381286871262
2019-11-24 11:35:44.713249922+02:00,850.5,0.0,2.9000000000000004,21.435593940605447
2019-11-24 11:35:44.728499889+02:00,850.5,0.0,2.9000000000000004,21.4375
2019-11-24 11:35:44.733799934+02:00,850.5,0.0,2.9000000000000004,21.4375
2019-11-24 11:35:44.753249884+02:00,851.5,0.0,2.9000000000000004,21.4375
2019-11-24 11:35:44.773299932+02:00,851.0,0.0,2.9000000000000004,21.4375
2019-11-24 11:35:44.794399977+02:00,851.0,0.0,2.9000000000000004,21.4375
2019-11-24 11:35:44.811700106+02:00,851.4424552430168,0.0,2.9000000000000004,21.4375
2019-11-24 11:35:44.812249899+02:00,851.4565217391062,0.0,2.9000000000000004,21.4375
2019-11-24 11:35:44.813950062+02:00,851.5,0.0,2.9000000000000004,21.4375
2019-11-24 11:35:44.833499908+02:00,852.0,0.0,2.9000000000000004,21.4375
2019-11-24 11:35:44.853300095+02:00,851.5,0.0,2.9000000000000004,21.4375
2019-11-24 11:35:44.873250008+02:00,851.0,0.0,2.9000000000000004,21.4375
2019-11-24 11:35:44.894399881+02:00,852.5,0.0,2.9000000000000004,21.4375
2019-11-24 11:35:44.898449898+02:00,852.3925729444077,0.0,2.9000000000000004,21.4375
2019-11-24 11:35:44.898999929+02:00,852.3779840848775,0.0,2.9000000000000004,21.4375
2019-11-24 11:35:44.913249969+02:00,852.0,0.0,2.9000000000000004,21.4375
2019-11-24 11:35:44.933799982+02:00,851.5,0.0,2.9000000000000004,21.4375
2019-11-24 11:35:44.953299999+02:00,852.0,0.0,2.9000000000000004,21.4375
2019-11-24 11:35:44.973249912+02:00,851.0,0.0,2.9000000000000004,21.4375
2019-11-24 11:35:44.994400024+02:00,851.0,0.0,2.9000000000000004,21.4375
2019-11-24 11:35:44.998450041+02:00,850.8928571427884,0.0,2.9000000000000004,21.4375
2019-11-24 11:35:44.999049902+02:00,850.8769841269337,0.0,2.9000000000000004,21.4375
2019-11-24 11:35:45.013299942+02:00,850.5,0.0,2.9000000000000004,21.4375
2019-11-24 11:35:45.033799887+02:00,851.0,0.0,2.9000000000000004,21.4375
2019-11-24 11:35:45.053299904+02:00,851.0,0.0,2.9000000000000004,21.4375
2019-11-24 11:35:45.073299885+02:00,850.5,0.0,2.9000000000000004,21.4375
2019-11-24 11:35:45.094399929+02:00,850.5,0.0,2.9000000000000004,21.4375
2019-11-24 11:35:45.098500013+02:00,850.5,0.0,2.9000000000000004,21.4375
2019-11-24 11:35:45.099050045+02:00,850.5,0.0,2.9000000000000004,21.4375
2019-11-24 11:35:45.113300085+02:00,850.5,0.0,2.9000000000000004,21.4375
2019-11-24 11:35:45.133800029+02:00,850.5,0.0,2.9000000000000004,21.4375
2019-11-24 11:35:45.153300047+02:00,849.5,0.0,2.9000000000000004,21.4375
2019-11-24 11:35:45.173300028+02:00,850.0,0.0,2.9000000000000004,21.4375
2019-11-24 11:35:45.194449902+02:00,849.5,0.0,2.9000000000000004,21.4375
2019-11-24 11:35:45.198499918+02:00,849.2851458884293,0.0,2.9000000000000004,21.4375
2019-11-24 11:35:45.199049950+02:00,849.2559681697551,0.0,2.9000000000000004,21.4375
2019-11-24 11:35:45.213299990+02:00,848.5,0.0,2.9000000000000004,21.4375
2019-11-24 11:35:45.233649969+02:00,848.5,0.0,2.9000000000000004,21.4375
2019-11-24 11:35:45.253299952+02:00,848.5,0.0,2.9000000000000004,21.4375
2019-11-24 11:35:45.273299932+02:00,848.5,0.0,2.9000000000000004,21.4375
2019-11-24 11:35:45.294450045+02:00,848.5,0.0,2.9000000000000004,21.4375
2019-11-24 11:35:45.303100109+02:00,848.5,0.0,2.9000000000000004,21.4375
2019-11-24 11:35:45.303699970+02:00,848.5,0.0,2.9000000000000004,21.4375
2019-11-24 11:35:45.313400030+02:00,848.5,0.0,2.9050838574436635,21.4375
2019-11-24 11:35:45.333849907+02:00,848.0,0.0,2.9158018867920394,21.4375
2019-11-24 11:35:45.353800058+02:00,847.5,0.0,2.92625786163588,21.4375
2019-11-24 11:35:45.373300076+02:00,848.0,0.0,2.9364779874233506,21.4375
2019-11-24 11:35:45.394449949+02:00,848.5,0.0,2.9475628930841777,21.4375
2019-11-24 11:35:45.398499966+02:00,848.5,0.0,2.9496855345915067,21.4375
2019-11-24 11:35:45.399100065+02:00,848.5,0.0,2.95,21.4375
2019-11-24 11:35:45.413300037+02:00,848.5,0.0,2.95,21.4375
2019-11-24 11:35:45.433799982+02:00,848.5,0.0,2.95,21.4375
2019-11-24 11:35:45.453299999+02:00,848.5,0.0,2.95,21.4375
2019-11-24 11:35:45.473350048+02:00,849.0,0.0,2.95,21.4375
2019-11-24 11:35:45.494450092+02:00,848.5,0.0,2.95,21.4375
2019-11-24 11:35:45.498500109+02:00,848.6074270555923,0.0,2.95,21.4375
2019-11-24 11:35:45.499099970+02:00,848.6233421749394,0.0,2.95,21.4375
2019-11-24 11:35:45.513299941+02:00,849.0,0.0,2.95,21.4375
2019-11-24 11:35:45.533799887+02:00,850.0,0.0,2.95,21.4375
2019-11-24 11:35:45.553299904+02:00,850.0,0.0,2.95,21.4375
2019-11-24 11:35:45.573299885+02:00,849.5,0.0,2.95,21.4375
2019-11-24 11:35:45.594399929+02:00,849.0,0.0,2.95,21.4375
2019-11-24 11:35:45.598500013+02:00,849.0,0.0,2.95,21.4375
2019-11-24 11:35:45.599050045+02:00,849.0,0.0,2.95,21.4375
2019-11-24 11:35:45.613300085+02:00,849.0,0.0,2.95,21.4375
2019-11-24 11:35:45.633800030+02:00,848.5,0.0,2.95,21.4375
2019-11-24 11:35:45.653300047+02:00,848.5,0.0,2.95,21.4375
2019-11-24 11:35:45.673350096+02:00,848.5,0.0,2.95,21.4375
2019-11-24 11:35:45.694449902+02:00,849.0,0.0,2.95,21.4375
2019-11-24 11:35:45.698499918+02:00,849.1074270557854,0.0,2.95,21.4375
2019-11-24 11:35:45.699049950+02:00,849.1220159151225,0.0,2.95,21.4375
2019-11-24 11:35:45.713299990+02:00,849.5,0.0,2.95,21.4375
2019-11-24 11:35:45.728650093+02:00,849.5,0.0,2.95,21.4375
2019-11-24 11:35:45.733799934+02:00,849.5,0.0,2.95,21.437178125000173
2019-11-24 11:35:45.753350019+02:00,850.5,0.0,2.95,21.43595624999989
2019-11-24 11:35:45.773299932+02:00,850.0,0.0,2.95,21.43470937500024
2019-11-24 11:35:45.794450045+02:00,850.0,0.0,2.95,21.433387500000208
2019-11-24 11:35:45.811700106+02:00,850.4423076923723,0.0,2.95,21.43230937499993
2019-11-24 11:35:45.812299967+02:00,850.4576923077396,0.0,2.95,21.43227187499997
2019-11-24 11:35:45.813950062+02:00,850.5,0.0,2.95,21.432168750000073
2019-11-24 11:35:45.833549976+02:00,850.5,0.0,2.95,21.430943750000097
2019-11-24 11:35:45.853349924+02:00,851.0,0.0,2.95,21.42970624999998
2019-11-24 11:35:45.873300076+02:00,851.0,0.0,2.95,21.428459374999875
2019-11-24 11:35:45.894449949+02:00,851.5,0.0,2.95,21.427137499999844
2019-11-24 11:35:45.898499966+02:00,851.2851458887324,0.0,2.95,21.4268843750001
2019-11-24 11:35:45.899100065+02:00,851.253315650026,0.0,2.95,21.426846875000138
2019-11-24 11:35:45.913300037+02:00,850.5,0.0,2.95,21.425959375000275
2019-11-24 11:35:45.933799982+02:00,850.5,0.0,2.95,21.4246781249999
2019-11-24 11:35:45.953350067+02:00,850.5,0.0,2.95,21.423456250000072
2019-11-24 11:35:45.973350048+02:00,850.5,0.0,2.95,21.422206250000272
2019-11-24 11:35:45.994450092+02:00,850.5,0.0,2.95,21.420887499999935
2019-11-24 11:35:45.998500109+02:00,850.3928571429396,0.0,2.95,21.42063437500019
2019-11-24 11:35:45.999099970+02:00,850.3769841270788,0.0,2.95,21.42059687500023
2019-11-24 11:35:46.013350010+02:00,850.0,0.0,2.95,21.419706250000218
2019-11-24 11:35:46.033849955+02:00,850.0,0.0,2.95,21.418424999999843
2019-11-24 11:35:46.053400040+02:00,850.0,0.0,2.95,21.417203125000015
2019-11-24 11:35:46.073349953+02:00,850.0,0.0,2.95,21.41595624999991
2019-11-24 11:35:46.094500065+02:00,850.5,0.0,2.95,21.414634374999878
2019-11-24 11:35:46.098500013+02:00,850.6061007955824,0.0,2.95,21.41438437500028
2019-11-24 11:35:46.099100113+02:00,850.6220159151225,0.0,2.95,21.414346874999865
2019-11-24 11:35:46.113349915+02:00,851.0,0.0,2.95,21.413456249999854
2019-11-24 11:35:46.133800029+02:00,850.5,0.0,2.95,21.412178125000082
2019-11-24 11:35:46.153399944+02:00,850.0,0.0,2.95,21.410953125000106
2019-11-24 11:35:46.173350096+02:00,850.5,0.0,2.95,21.40970625
2019-11-24 11:35:46.194499969+02:00,850.0,0.0,2.95,21.40838437499997
2019-11-24 11:35:46.198549986+02:00,849.8925729444077,0.0,2.95,21.408131250000224
2019-11-24 11:35:46.199150085+02:00,849.8766578250606,0.0,2.95,21.408093750000262
2019-11-24 11:35:46.213350058+02:00,849.5,0.0,2.95,21.407206249999945
2019-11-24 11:35:46.233850002+02:00,850.0,0.0,2.95,21.405925000000025
2019-11-24 11:35:46.253350018+02:00,849.5,0.0,2.95,21.40470624999989
2019-11-24 11:35:46.273350+02:00,848.5,0.0,2.95,21.40345625000009
2019-11-24 11:35:46.294500113+02:00,848.0,0.0,2.95,21.40213437500006
2019-11-24 11:35:46.303149939+02:00,848.227631579034,0.0,2.95,21.401593749999847
2019-11-24 11:35:46.303750038+02:00,848.2434210527022,0.0,2.95,21.401556249999885
2019-11-24 11:35:46.313499928+02:00,848.5,0.0,2.95,21.400946875000045
2019-11-24 11:35:46.333849907+02:00,848.5,0.0,2.95,21.399675000000116
2019-11-24 11:35:46.353349924+02:00,848.5,0.0,2.95,21.39845624999998
2019-11-24 11:35:46.373349905+02:00,850.5,0.0,2.95,21.39720625000018
2019-11-24 11:35:46.394449949+02:00,850.5,0.0,2.95,21.395887499999844
2019-11-24 11:35:46.398550034+02:00,850.3915343915537,0.0,2.95,21.39563124999995
2019-11-24 11:35:46.399100065+02:00,850.3769841270788,0.0,2.95,21.395596875000138
2019-11-24 11:35:46.413350105+02:00,850.0,0.0,2.95,21.394706250000127
2019-11-24 11:35:46.433850050+02:00,849.5,0.0,2.95,21.393425000000207
2019-11-24 11:35:46.453350067+02:00,850.0,0.0,2.95,21.392206250000072
2019-11-24 11:35:46.473350048+02:00,849.5,0.0,2.95,21.390956250000272
2019-11-24 11:35:46.494499922+02:00,849.5,0.0,2.95,21.38963437500024
2019-11-24 11:35:46.498549938+02:00,849.5,0.0,2.95,21.389381250000042
2019-11-24 11:35:46.499099970+02:00,849.5,0.0,2.95,21.38934687500023
2019-11-24 11:35:46.513350010+02:00,849.5,0.0,2.95,21.388456250000218
2019-11-24 11:35:46.533849955+02:00,849.0,0.0,2.95,21.387174999999843
2019-11-24 11:35:46.553400040+02:00,847.5,0.0,2.95,21.385953125000015
2019-11-24 11:35:46.573349953+02:00,847.0,0.0,2.95,21.38470624999991
2019-11-24 11:35:46.594500065+02:00,847.5,0.0,2.95,21.383384374999878
2019-11-24 11:35:46.598550081+02:00,847.5,0.0,2.95,21.383131250000133
2019-11-24 11:35:46.599100113+02:00,847.5,0.0,2.95,21.383096874999865
2019-11-24 11:35:46.613349915+02:00,847.5,0.0,2.9571214392808995,21.382206249999854
2019-11-24 11:35:46.633850098+02:00,847.5,0.0,2.96736631684213,21.380924999999934
2019-11-24 11:35:46.653800011+02:00,849.0,0.0,2.9773363318324804,21.379678125000282
2019-11-24 11:35:46.673350096+02:00,850.5,0.0,2.9871064467778927,21.37845625
2019-11-24 11:35:46.694499969+02:00,850.0,0.0,2.9976761619212375,21.37713437499997
2019-11-24 11:35:46.698549986+02:00,849.8928571429396,0.0,2.999700149925321,21.376881250000224
2019-11-24 11:35:46.699150085+02:00,849.8769841270788,0.0,3.0,21.376843750000262
2019-11-24 11:35:46.713399887+02:00,849.5,0.0,2.993705830388603,21.37595312500025
2019-11-24 11:35:46.728650093+02:00,850.245721271458,0.0,2.9869699646624346,21.375
2019-11-24 11:35:46.733850002+02:00,850.5,0.0,2.984673144874619,21.37516253250649
2019-11-24 11:35:46.753350019+02:00,850.5,0.0,2.9760600706687037,21.375772029405937
2019-11-24 11:35:46.773350+02:00,850.5,0.0,2.9672261484086166,21.376397154430844
2019-11-24 11:35:46.794500113+02:00,851.5,0.0,2.957884275616863,21.377058224144804
2019-11-24 11:35:46.811749935+02:00,851.9411764705773,0.0,2.950265017667578,21.377597394478784
2019-11-24 11:35:46.812350035+02:00,851.9565217391062,0.0,2.95,21.377616148229514
2019-11-24 11:35:46.814049959+02:00,852.0,0.0,2.95,21.37766928385666
2019-11-24 11:35:46.833600044+02:00,851.5,0.0,2.95,21.378280343568747
2019-11-24 11:35:46.853399992+02:00,851.5,0.0,2.95,21.378899217343335
2019-11-24 11:35:46.873399973+02:00,852.5,0.0,2.95,21.379524342368466
2019-11-24 11:35:46.894500017+02:00,852.5,0.0,2.95,21.38018384926979
2019-11-24 11:35:46.898550034+02:00,852.5,0.0,2.95,21.380310437087452
2019-11-24 11:35:46.899149895+02:00,852.5,0.0,2.95,21.380329190838186
2019-11-24 11:35:46.913350105+02:00,852.5,0.0,2.942896448224941,21.38077302960587
2019-11-24 11:35:46.933850050+02:00,852.5,0.0,2.9326413206614066,21.38141378275646
2019-11-24 11:35:46.953399897+02:00,852.5,0.0,2.9228614307137937,21.382024842468546
2019-11-24 11:35:46.973350048+02:00,851.0,0.0,2.9128814407212036,21.38264840468082
2019-11-24 11:35:46.994499922+02:00,850.5,0.0,2.902301150575481,21.38330947439478
2019-11-24 11:35:46.998549938+02:00,850.7142857144232,0.0,2.9002751375673044,21.38343606221244
2019-11-24 11:35:46.999099970+02:00,850.7433862433618,0.0,2.9000000000000004,21.383453253150535
2019-11-24 11:35:47.013400078+02:00,851.5,0.0,2.9071428571438958,21.383900217543495
2019-11-24 11:35:47.033849955+02:00,851.5,0.0,2.9173576423601535,21.384539407881675
2019-11-24 11:35:47.053400040+02:00,851.0,0.0,2.9271228771236943,21.385150467593533
2019-11-24 11:35:47.073400021+02:00,851.5,0.0,2.9371128871117764,21.38577559261844
2019-11-24 11:35:47.094549894+02:00,852.0,0.0,2.9476773226761086,21.3864366623324
2019-11-24 11:35:47.098599911+02:00,851.7851458884293,0.0,2.9497002997006123,21.386563250150065
2019-11-24 11:35:47.099200010+02:00,851.7533156497353,0.0,2.95,21.386582003900795
2019-11-24 11:35:47.113399982+02:00,851.0,0.0,2.942896448224941,21.387025842668482
2019-11-24 11:35:47.133850098+02:00,851.0,0.0,2.932666333165209,21.387665033006662
2019-11-24 11:35:47.153399944+02:00,852.0,0.0,2.922886443221236,21.38827609271852
2019-11-24 11:35:47.173399925+02:00,852.0,0.0,2.912881440717564,21.388901217743655
2019-11-24 11:35:47.194499969+02:00,852.0,0.0,2.9023261630792834,21.389560724644976
2019-11-24 11:35:47.198600054+02:00,852.1084656084463,0.0,2.9002751375673044,21.38968887527505
2019-11-24 11:35:47.199150085+02:00,852.1230158729212,0.0,2.9000000000000004,21.389706066213144
2019-11-24 11:35:47.213399887+02:00,852.5,0.0,2.9000000000000004,21.390151467793466
2019-11-24 11:35:47.233850002+02:00,852.0,0.0,2.9000000000000004,21.39079065813165
2019-11-24 11:35:47.253400087+02:00,852.0,0.0,2.9000000000000004,21.391401717843507
2019-11-24 11:35:47.273400068+02:00,851.5,0.0,2.9000000000000004,21.392026842868642
2019-11-24 11:35:47.294549942+02:00,852.0,0.0,2.9000000000000004,21.392687912582602
2019-11-24 11:35:47.303200006+02:00,852.0,0.0,2.9000000000000004,21.392958279155796
2019-11-24 11:35:47.303750038+02:00,852.0,0.0,2.9000000000000004,21.392975470094115
2019-11-24 11:35:47.313549995+02:00,852.0,0.0,2.9000000000000004,21.393281781356364
2019-11-24 11:35:47.333849907+02:00,851.5,0.0,2.9000000000000004,21.393916283256637
2019-11-24 11:35:47.353399992+02:00,852.0,0.0,2.9000000000000004,21.394527342968495
2019-11-24 11:35:47.373399973+02:00,851.5,0.0,2.9000000000000004,21.395152467993626
2019-11-24 11:35:47.394550085+02:00,851.5,0.0,2.9000000000000004,21.395813537707586
2019-11-24 11:35:47.398600101+02:00,851.3925729444077,0.0,2.9000000000000004,21.395940125525023
2019-11-24 11:35:47.399149895+02:00,851.3779840848775,0.0,2.9000000000000004,21.395957316463345
2019-11-24 11:35:47.413399935+02:00,851.0,0.0,2.9000000000000004,21.396402718043667
2019-11-24 11:35:47.433850050+02:00,852.0,0.0,2.9000000000000004,21.39704190838162
2019-11-24 11:35:47.453449965+02:00,852.0,0.0,2.9000000000000004,21.397654530906117
2019-11-24 11:35:47.473400116+02:00,852.0,0.0,2.9000000000000004,21.398278093118613
2019-11-24 11:35:47.494549990+02:00,852.5,0.0,2.9000000000000004,21.398939162832573
2019-11-24 11:35:47.498600006+02:00,852.5,0.0,2.9000000000000004,21.399065750650237
2019-11-24 11:35:47.499200106+02:00,852.5,0.0,2.9000000000000004,21.399084504400967
2019-11-24 11:35:47.513449907+02:00,852.5,0.0,2.9000000000000004,21.39952990598129
2019-11-24 11:35:47.533849955+02:00,852.0,0.0,2.9000000000000004,21.400167533506835
2019-11-24 11:35:47.553450108+02:00,851.5,0.0,2.9000000000000004,21.40078015603133
2019-11-24 11:35:47.573400021+02:00,852.0,0.0,2.9000000000000004,21.4014037182436
2019-11-24 11:35:47.594549894+02:00,852.0,0.0,2.9000000000000004,21.40206478795756
2019-11-24 11:35:47.598599911+02:00,851.8925729442146,0.0,2.9000000000000004,21.402191375775224
2019-11-24 11:35:47.599200010+02:00,851.8766578248676,0.0,2.9000000000000004,21.402210129525955
2019-11-24 11:35:47.613399982+02:00,851.5,0.0,2.9000000000000004,21.40265396829364
2019-11-24 11:35:47.633399963+02:00,836.0,0.0,2.9000000000000004,21.403279093318773
2019-11-24 11:35:47.653399944+02:00,814.0,0.0,2.9000000000000004,21.40390421834368
2019-11-24 11:35:47.673449993+02:00,793.0,0.0,2.9000000000000004,21.404530906181222
2019-11-24 11:35:47.694550037+02:00,770.0,0.0,2.9000000000000004,21.405190413082547
2019-11-24 11:35:47.698600054+02:00,765.3806366012304,0.0,2.9000000000000004,21.405317000900208
2019-11-24 11:35:47.699199915+02:00,764.6962864693089,0.0,2.9000000000000004,21.40533575465094
2019-11-24 11:35:47.713399887+02:00,748.5,0.0,2.536219081327741,21.405779593418625
2019-11-24 11:35:47.728450060+02:00,731.9450000014007,0.0,2.1506625441785854,21.40625
2019-11-24 11:35:47.733400106+02:00,726.5,0.0,2.023851590056279,21.40625
2019-11-24 11:35:47.753400087+02:00,706.0,0.0,1.5114840989712153,21.40625
2019-11-24 11:35:47.773400068+02:00,683.0,0.0,0.9991166076997533,21.40625
2019-11-24 11:35:47.794549942+02:00,662.0,0.0,0.4572879857780414,21.40625
2019-11-24 11:35:47.811800003+02:00,662.0,0.0,0.0153710247195038,21.40625
2019-11-24 11:35:47.812400103+02:00,662.0,0.0,0.0,21.40625
2019-11-24 11:35:47.814100027+02:00,662.0,0.0,0.0,21.40625
2019-11-24 11:35:47.833650112+02:00,638.5,0.0,0.0,21.40625
2019-11-24 11:35:47.853399992+02:00,616.5,0.0,0.0,21.40625
2019-11-24 11:35:47.873399973+02:00,591.5,0.0,0.0,21.40625
2019-11-24 11:35:47.894550085+02:00,569.0,0.0,0.0,21.40625
2019-11-24 11:35:47.899149895+02:00,569.0,0.0,0.0,21.40625
2019-11-24 11:35:47.899749994+02:00,569.0,0.0,0.0,21.40625
2019-11-24 11:35:47.913399935+02:00,569.0,0.0,0.0,21.40625
2019-11-24 11:35:47.933399916+02:00,542.5,0.0,0.0,21.40625
2019-11-24 11:35:47.953449965+02:00,519.0,0.0,0.0,21.40625
2019-11-24 11:35:47.973400116+02:00,519.0,0.0,0.0,21.40625
2019-11-24 11:35:47.994549990+02:00,490.0,0.0,0.0,21.40625
2019-11-24 11:35:47.999200106+02:00,483.60317460055313,0.0,0.0,21.40625
2019-11-24 11:35:47.999749899+02:00,482.84656084814964,0.0,0.0,21.40625
2019-11-24 11:35:48.013449907+02:00,464.0,0.0,0.0,21.40625
2019-11-24 11:35:48.033449887+02:00,464.0,0.0,0.0,21.40625
2019-11-24 11:35:48.053450108+02:00,431.5,0.0,0.0,21.40625
2019-11-24 11:35:48.073450089+02:00,431.5,0.0,0.0,21.40625
2019-11-24 11:35:48.094549894+02:00,403.5,0.0,0.0,21.40625
2019-11-24 11:35:48.098649979+02:00,403.5,0.0,0.0,21.40625
2019-11-24 11:35:48.099200010+02:00,403.5,0.0,0.0,21.40625
2019-11-24 11:35:48.113699913+02:00,403.5,0.0,0.0,21.40625
2019-11-24 11:35:48.133500099+02:00,367.0,0.0,0.0,21.40625
2019-11-24 11:35:48.153800011+02:00,367.0,0.0,0.0,21.40625
2019-11-24 11:35:48.173449993+02:00,367.0,0.0,0.0,21.40625
2019-11-24 11:35:48.194050074+02:00,336.0,0.0,0.0,21.40625
2019-11-24 11:35:48.196949959+02:00,336.0,0.0,0.0,21.40625
2019-11-24 11:35:48.197550058+02:00,336.0,0.0,0.0,21.40625
2019-11-24 11:35:48.213700056+02:00,336.0,0.0,0.0,21.40625
2019-11-24 11:35:48.233850002+02:00,336.0,0.0,0.0,21.40625
2019-11-24 11:35:48.253649950+02:00,289.5,0.0,0.0,21.40625
2019-11-24 11:35:48.273449898+02:00,289.5,0.0,0.0,21.40625
2019-11-24 11:35:48.294150114+02:00,289.5,0.0,0.0,21.40625
2019-11-24 11:35:48.301650047+02:00,276.2984693880165,0.0,0.0,21.40625
2019-11-24 11:35:48.302200079+02:00,275.33035713553875,0.0,0.0,21.40625
2019-11-24 11:35:48.313750029+02:00,255.0,0.0,0.0,21.40625
2019-11-24 11:35:48.333699942+02:00,255.0,0.0,0.0,21.40625
2019-11-24 11:35:48.353600025+02:00,255.0,0.0,0.0,21.40625
2019-11-24 11:35:48.373450041+02:00,255.0,0.0,0.0,21.40625
2019-11-24 11:35:48.394299984+02:00,255.0,0.0,0.0,21.40625
2019-11-24 11:35:48.397150040+02:00,255.0,0.0,0.0,21.40625
2019-11-24 11:35:48.397749901+02:00,255.0,0.0,0.0,21.40625
2019-11-24 11:35:48.413899899+02:00,255.0,0.0,0.0,21.40625
2019-11-24 11:35:48.433700085+02:00,168.0,0.0,0.0,21.40625
2019-11-24 11:35:48.453850031+02:00,168.0,0.0,0.0,21.40625
2019-11-24 11:35:48.473500013+02:00,168.0,0.0,0.0,21.40625
2019-11-24 11:35:48.494349957+02:00,168.0,0.0,0.0,21.40625
2019-11-24 11:35:48.496649981+02:00,168.0,0.0,0.0,21.40625
2019-11-24 11:35:48.497250080+02:00,168.0,0.0,0.0,21.40625
2019-11-24 11:35:48.513750076+02:00,168.0,0.0,0.0,21.40625
2019-11-24 11:35:48.533799887+02:00,168.0,0.0,0.0,21.40625
2019-11-24 11:35:48.554049969+02:00,168.0,0.0,0.0,21.40625
2019-11-24 11:35:48.573450089+02:00,168.0,0.0,0.0,21.40625
2019-11-24 11:35:48.594199896+02:00,168.0,0.0,0.0,21.40625
2019-11-24 11:35:48.596499920+02:00,168.0,0.0,0.0,21.40625
2019-11-24 11:35:48.597100019+02:00,168.0,0.0,0.0,21.40625
2019-11-24 11:35:48.613600016+02:00,168.0,0.0,0.0,21.40625
2019-11-24 11:35:48.633599997+02:00,85.0,0.0,0.0,21.40625
2019-11-24 11:35:48.653800011+02:00,95.0,0.0,0.0,21.40625
2019-11-24 11:35:48.673449993+02:00,95.0,0.0,0.0,21.40625
2019-11-24 11:35:48.694250107+02:00,99.5,0.0,0.0,21.40625
2019-11-24 11:35:48.696549892+02:00,99.5,0.0,0.0,21.40625
2019-11-24 11:35:48.697149992+02:00,99.5,0.0,0.0,21.40625
2019-11-24 11:35:48.713599920+02:00,99.5,0.0,0.0,21.40625
2019-11-24 11:35:48.726550102+02:00,95.00124069430613,0.0,0.0,21.40625
2019-11-24 11:35:48.733750105+02:00,92.5,0.0,0.0,21.40625
2019-11-24 11:35:48.753799915+02:00,92.5,0.0,0.0,21.40625
2019-11-24 11:35:48.773449898+02:00,92.5,0.0,0.0,21.40625
2019-11-24 11:35:48.794300079+02:00,92.5,0.0,0.0,21.40625
2019-11-24 11:35:48.809849977+02:00,92.5,0.0,0.0,21.40625
2019-11-24 11:35:48.810400009+02:00,92.5,0.0,0.0,21.40625
2019-11-24 11:35:48.814450026+02:00,92.5,0.0,0.0,21.40625
2019-11-24 11:35:48.833750010+02:00,92.5,0.0,0.0,21.40625
2019-11-24 11:35:48.853800058+02:00,92.5,0.0,0.0,21.40625
2019-11-24 11:35:48.873450041+02:00,92.5,0.0,0.0,21.40625
2019-11-24 11:35:48.894249916+02:00,92.5,0.0,0.0,21.40625
2019-11-24 11:35:48.896600008+02:00,92.5,0.0,0.0,21.40625
2019-11-24 11:35:48.897150040+02:00,92.5,0.0,0.0,21.40625
2019-11-24 11:35:48.913599968+02:00,92.5,0.0,0.0,21.40625
2019-11-24 11:35:48.933700085+02:00,44.5,0.0,0.0,21.40625
2019-11-24 11:35:48.953799963+02:00,44.5,0.0,0.0,21.40625
2019-11-24 11:35:48.973500013+02:00,44.5,0.0,0.0,21.40625
2019-11-24 11:35:48.994250059+02:00,44.5,0.0,0.0,21.40625
2019-11-24 11:35:48.996550083+02:00,44.5,0.0,0.0,21.40625
2019-11-24 11:35:48.997149944+02:00,44.5,0.0,0.0,21.40625
2019-11-24 11:35:49.013649940+02:00,44.5,0.0,0.0,21.40625
2019-11-24 11:35:49.033649921+02:00,44.5,0.0,0.0,21.40625
2019-11-24 11:35:49.053800106+02:00,44.5,0.0,0.0,21.40625
2019-11-24 11:35:49.073499918+02:00,44.5,0.0,0.0,21.40625
2019-11-24 11:35:49.094249964+02:00,44.5,0.0,0.0,21.40625
2019-11-24 11:35:49.096600056+02:00,44.5,0.0,0.0,21.40625
2019-11-24 11:35:49.097150087+02:00,44.5,0.0,0.0,21.40625
2019-11-24 11:35:49.113699913+02:00,44.5,0.0,0.0,21.40625
2019-11-24 11:35:49.133749962+02:00,44.5,0.0,0.0,21.40625
2019-11-24 11:35:49.153800011+02:00,44.5,0.0,0.0,21.40625
2019-11-24 11:35:49.173500061+02:00,44.5,0.0,0.0,21.40625
2019-11-24 11:35:49.194250107+02:00,44.5,0.0,0.0,21.40625
2019-11-24 11:35:49.196549892+02:00,44.5,0.0,0.0,21.40625
2019-11-24 11:35:49.197149992+02:00,44.5,0.0,0.0,21.40625
2019-11-24 11:35:49.213700056+02:00,44.5,0.0,0.0,21.40625
2019-11-24 11:35:49.233649969+02:00,44.5,0.0,0.0,21.40625
2019-11-24 11:35:49.253849983+02:00,44.5,0.0,0.0,21.40625
2019-11-24 11:35:49.273499966+02:00,44.5,0.0,0.0,21.40625
2019-11-24 11:35:49.294300079+02:00,44.5,0.0,0.0,21.40625
2019-11-24 11:35:49.301249981+02:00,44.5,0.0,0.0,21.40625
2019-11-24 11:35:49.301800013+02:00,44.5,0.0,0.0,21.40625
2019-11-24 11:35:49.313950062+02:00,44.5,0.0,0.0,21.40625
2019-11-24 11:35:49.333699942+02:00,44.5,0.0,0.0,21.40625
2019-11-24 11:35:49.353800058+02:00,44.5,0.0,0.0,21.40625
2019-11-24 11:35:49.373500109+02:00,44.5,0.0,0.0,21.40625
2019-11-24 11:35:49.394249916+02:00,44.5,0.0,0.0,21.40625
2019-11-24 11:35:49.396600008+02:00,44.5,0.0,0.0,21.40625
2019-11-24 11:35:49.397150040+02:00,44.5,0.0,0.0,21.40625
2019-11-24 11:35:49.413650036+02:00,44.5,0.0,0.0,21.40625
2019-11-24 11:35:49.433700085+02:00,44.5,0.0,0.0,21.40625
2019-11-24 11:35:49.453850031+02:00,44.5,0.0,0.0,21.40625
2019-11-24 11:35:49.473500013+02:00,44.5,0.0,0.0,21.40625
2019-11-24 11:35:49.494299889+02:00,44.5,0.0,0.0,21.40625
2019-11-24 11:35:49.496599913+02:00,44.5,0.0,0.0,21.40625
2019-11-24 11:35:49.497200012+02:00,44.5,0.0,0.0,21.40625
2019-11-24 11:35:49.513700008+02:00,44.5,0.0,0.0,21.40625
2019-11-24 11:35:49.533699989+02:00,44.5,0.0,0.0,21.40625
2019-11-24 11:35:49.553849936+02:00,44.5,0.0,0.0,21.40625
2019-11-24 11:35:49.573499918+02:00,44.5,0.0,0.0,21.40625
2019-11-24 11:35:49.594249964+02:00,44.5,0.0,0.0,21.40625
2019-11-24 11:35:49.596600056+02:00,44.5,0.0,0.0,21.40625
2019-11-24 11:35:49.597150087+02:00,44.5,0.0,0.0,21.40625
2019-11-24 11:35:49.613699913+02:00,44.5,0.0,0.0,21.40625
2019-11-24 11:35:49.633699894+02:00,44.5,0.0,0.0,21.40625
2019-11-24 11:35:49.653850079+02:00,0.0,0.0,0.0,21.40625
2019-11-24 11:35:49.673500061+02:00,0.0,0.0,0.0,21.40625
2019-11-24 11:35:49.694350004+02:00,0.0,0.0,0.0,21.40625
2019-11-24 11:35:49.696650028+02:00,0.0,0.0,0.0,21.40625
2019-11-24 11:35:49.697249889+02:00,0.0,0.0,0.0,21.40625
2019-11-24 11:35:49.713700056+02:00,0.0,0.0,0.0,21.40625
2019-11-24 11:35:49.726599932+02:00,0.0,0.0,0.0,21.40625
2019-11-24 11:35:49.733799934+02:00,0.0,0.0,0.0,21.406243392593147
2019-11-24 11:35:49.753849983+02:00,0.0,0.0,0.0,21.40622499280045
2019-11-24 11:35:49.773550034+02:00,0.0,0.0,0.0,21.40620691420114
2019-11-24 11:35:49.794300079+02:00,0.0,0.0,0.0,21.40618787202167
2019-11-24 11:35:49.809900045+02:00,0.0,0.0,0.0,21.406173555973485
2019-11-24 11:35:49.810450077+02:00,0.0,0.0,0.0,21.406173051241016
2019-11-24 11:35:49.814500093+02:00,0.0,0.0,0.0,21.406169334574663
2019-11-24 11:35:49.833849907+02:00,0.0,0.0,0.0,21.406151577168743
2019-11-24 11:35:49.853899956+02:00,0.0,0.0,0.0,21.406133177376045
2019-11-24 11:35:49.873549938+02:00,0.0,0.0,0.0,21.406115144661506
2019-11-24 11:35:49.894399881+02:00,0.0,0.0,0.0,21.406096010712492
2019-11-24 11:35:49.896650076+02:00,0.0,0.0,0.0,21.40609394589785
2019-11-24 11:35:49.897249937+02:00,0.0,0.0,0.0,21.406093395280614
2019-11-24 11:35:49.913700104+02:00,0.0,0.0,0.0,21.406078299191343
2019-11-24 11:35:49.933749914+02:00,0.0,0.0,0.0,21.406059899398645
2019-11-24 11:35:49.953850031+02:00,0.0,0.0,0.0,21.406041453721176
2019-11-24 11:35:49.973500013+02:00,0.0,0.0,0.0,21.406023421006644
2019-11-24 11:35:49.994649887+02:00,0.0,0.0,0.0,21.406004011749012
2019-11-24 11:35:49.996999979+02:00,0.0,0.0,0.0,21.406001855164828
2019-11-24 11:35:50.013550043+02:00,0.0,0.0,0.0,21.405986667306017
2019-11-24 11:35:50.033550023+02:00,0.0,0.0,0.0,21.405968313398095
2019-11-24 11:35:50.053550005+02:00,0.0,0.0,0.0,21.40594995949016
2019-11-24 11:35:50.073549986+02:00,0.0,0.0,0.0,21.40593160558224
2019-11-24 11:35:50.094700098+02:00,0.0,0.0,0.0,21.405912196324607
2019-11-24 11:35:50.096999884+02:00,0.0,0.0,0.0,21.405910085625194
2019-11-24 11:35:50.113549948+02:00,0.0,0.0,0.0,21.405894897766384
2019-11-24 11:35:50.133549929+02:00,0.0,0.0,0.0,21.405876543858454
2019-11-24 11:35:50.153549910+02:00,0.0,0.0,0.0,21.405858189950532
2019-11-24 11:35:50.173549891+02:00,0.0,0.0,0.0,21.4058398360426
2019-11-24 11:35:50.194700003+02:00,0.0,0.0,0.0,21.405820426784974
2019-11-24 11:35:50.197000027+02:00,0.0,0.0,0.0,21.40581831608556
2019-11-24 11:35:50.213550091+02:00,0.0,0.0,0.0,21.40580312822675
2019-11-24 11:35:50.233550072+02:00,0.0,0.0,0.0,21.40578477431882
2019-11-24 11:35:50.253550053+02:00,0.0,0.0,0.0,21.4057664204109
2019-11-24 11:35:50.273550034+02:00,0.0,0.0,0.0,21.405748066502966
2019-11-24 11:35:50.294699907+02:00,0.0,0.0,0.0,21.405728657245334
2019-11-24 11:35:50.301650047+02:00,0.0,0.0,0.0,21.405722279262335
2019-11-24 11:35:50.313549995+02:00,0.0,0.0,0.0,21.405711358687114
2019-11-24 11:35:50.333549976+02:00,0.0,0.0,0.0,21.405693004779188
2019-11-24 11:35:50.353600025+02:00,0.0,0.0,0.0,21.405674604986494
2019-11-24 11:35:50.373549938+02:00,0.0,0.0,0.0,21.405656296963333
2019-11-24 11:35:50.394700050+02:00,0.0,0.0,0.0,21.4056368877057
2019-11-24 11:35:50.397000074+02:00,0.0,0.0,0.0,21.405634777006288
2019-11-24 11:35:50.413549900+02:00,0.0,0.0,0.0,21.40561958914748
2019-11-24 11:35:50.433549881+02:00,0.0,0.0,0.0,21.405601235239555
2019-11-24 11:35:50.453599930+02:00,0.0,0.0,0.0,21.40558283544686
2019-11-24 11:35:50.473550081+02:00,0.0,0.0,0.0,21.4055645274237
2019-11-24 11:35:50.494699955+02:00,0.0,0.0,0.0,21.405545118166067
2019-11-24 11:35:50.496999979+02:00,0.0,0.0,0.0,21.405543007466655
2019-11-24 11:35:50.513600111+02:00,0.0,0.0,0.0,21.405527773723072
2019-11-24 11:35:50.533550023+02:00,0.0,0.0,0.0,21.40550946569992
2019-11-24 11:35:50.553600073+02:00,0.0,0.0,0.0,21.40549106590722
2019-11-24 11:35:50.573600054+02:00,0.0,0.0,0.0,21.405472711999295
2019-11-24 11:35:50.594749928+02:00,0.0,0.0,0.0,21.405453302741662
2019-11-24 11:35:50.596999884+02:00,0.0,0.0,0.0,21.40545123792702
2019-11-24 11:35:50.613549948+02:00,0.0,0.0,0.0,21.405436050068214
2019-11-24 11:35:50.633599997+02:00,0.0,0.0,0.0,21.405417650275517
2019-11-24 11:35:50.653599977+02:00,0.0,0.0,0.0,21.405399296367587
2019-11-24 11:35:50.673549891+02:00,0.0,0.0,0.0,21.40538098834443
2019-11-24 11:35:50.694700003+02:00,0.0,0.0,0.0,21.4053615790868
2019-11-24 11:35:50.697000027+02:00,0.0,0.0,0.0,21.40535946838739
2019-11-24 11:35:50.713550091+02:00,0.0,0.0,0.0,21.40534428052858
2019-11-24 11:35:50.733550072+02:00,0.0,0.0,0.0,21.405325926620648
2019-11-24 11:35:50.753550053+02:00,0.0,0.0,0.0,21.405307572712726
2019-11-24 11:35:50.773550034+02:00,0.0,0.0,0.0,21.405289218804796
2019-11-24 11:35:50.794699907+02:00,0.0,0.0,0.0,21.40526980954716
2019-11-24 11:35:50.806849957+02:00,0.0,0.0,0.0,21.4052586595481
2019-11-24 11:35:50.813649893+02:00,0.0,0.0,0.0,21.405252419219405
2019-11-24 11:35:50.833549976+02:00,0.0,0.0,0.0,21.405234157081015
2019-11-24 11:35:50.853600025+02:00,0.0,0.0,0.0,21.40521575728832
2019-11-24 11:35:50.873549938+02:00,0.0,0.0,0.0,21.405197449265163
2019-11-24 11:35:50.894700050+02:00,0.0,0.0,0.0,21.405178040007527
2019-11-24 11:35:50.897049904+02:00,0.0,0.0,0.0,21.405175883423347
2019-11-24 11:35:50.913549900+02:00,0.0,0.0,0.0,21.405160741449308
2019-11-24 11:35:50.933549881+02:00,0.0,0.0,0.0,21.405142387541385
2019-11-24 11:35:50.953599930+02:00,0.0,0.0,0.0,21.405123987748688
2019-11-24 11:35:50.973550081+02:00,0.0,0.0,0.0,21.40510567972553
2019-11-24 11:35:50.994699955+02:00,0.0,0.0,0.0,21.405086270467898
2019-11-24 11:35:50.996999979+02:00,0.0,0.0,0.0,21.405084159768485
2019-11-24 11:35:51.013600111+02:00,0.0,0.0,0.0,21.405068926024903
2019-11-24 11:35:51.033600092+02:00,0.0,0.0,0.0,21.405050572116977
2019-11-24 11:35:51.053600073+02:00,0.0,0.0,0.0,21.405032218209048
2019-11-24 11:35:51.073600054+02:00,0.0,0.0,0.0,21.405013864301125
2019-11-24 11:35:51.094749928+02:00,0.0,0.0,0.0,21.40499445504349
2019-11-24 11:35:51.097049952+02:00,0.0,0.0,0.0,21.40499234434408
2019-11-24 11:35:51.113600016+02:00,0.0,0.0,0.0,21.40497715648527
2019-11-24 11:35:51.133599997+02:00,0.0,0.0,0.0,21.404958802577347
2019-11-24 11:35:51.153650045+02:00,0.0,0.0,0.0,21.40494040278465
2019-11-24 11:35:51.173599958+02:00,0.0,0.0,0.0,21.404922094761492
2019-11-24 11:35:51.194750071+02:00,0.0,0.0,0.0,21.404902685503856
2019-11-24 11:35:51.197050095+02:00,0.0,0.0,0.0,21.404900574804447
2019-11-24 11:35:51.213599920+02:00,0.0,0.0,0.0,21.404885386945637
2019-11-24 11:35:51.233599901+02:00,0.0,0.0,0.0,21.404867033037707
2019-11-24 11:35:51.253649950+02:00,0.0,0.0,0.0,21.40484863324501
2019-11-24 11:35:51.273600101+02:00,0.0,0.0,0.0,21.40483032522186
2019-11-24 11:35:51.294749975+02:00,0.0,0.0,0.0,21.404810915964227
2019-11-24 11:35:51.301700115+02:00,0.0,0.0,0.0,21.404804537981217
2019-11-24 11:35:51.313649893+02:00,0.0,0.0,0.0,21.404793571521232
2019-11-24 11:35:51.333600044+02:00,0.0,0.0,0.0,21.404775263498074
2019-11-24 11:35:51.353650093+02:00,0.0,0.0,0.0,21.404756863705376
2019-11-24 11:35:51.373600006+02:00,0.0,0.0,0.0,21.40473855568222
2019-11-24 11:35:51.394750118+02:00,0.0,0.0,0.0,21.404719146424586
2019-11-24 11:35:51.397049904+02:00,0.0,0.0,0.0,21.404717035725174
2019-11-24 11:35:51.413599968+02:00,0.0,0.0,0.0,21.40470184786637
2019-11-24 11:35:51.433599949+02:00,0.0,0.0,0.0,21.40468349395844
2019-11-24 11:35:51.453599930+02:00,0.0,0.0,0.0,21.404665140050515
2019-11-24 11:35:51.473599911+02:00,0.0,0.0,0.0,21.404646786142585
2019-11-24 11:35:51.494750023+02:00,0.0,0.0,0.0,21.404627376884953
2019-11-24 11:35:51.497050047+02:00,0.0,0.0,0.0,21.40462526618554
2019-11-24 11:35:51.513600111+02:00,0.0,0.0,0.0,21.40461007832673
2019-11-24 11:35:51.533600092+02:00,0.0,0.0,0.0,21.404591724418808
2019-11-24 11:35:51.553600073+02:00,0.0,0.0,0.0,21.404573370510878
2019-11-24 11:35:51.573600054+02:00,0.0,0.0,0.0,21.404555016602952
2019-11-24 11:35:51.594749928+02:00,0.0,0.0,0.0,21.40453560734532
2019-11-24 11:35:51.597049952+02:00,0.0,0.0,0.0,21.404533496645907
2019-11-24 11:35:51.613600016+02:00,0.0,0.0,0.0,21.404518308787097
2019-11-24 11:35:51.633650064+02:00,0.0,0.0,0.0,21.404499908994403
2019-11-24 11:35:51.653650045+02:00,0.0,0.0,0.0,21.404481555086477
2019-11-24 11:35:51.673599958+02:00,0.0,0.0,0.0,21.40446324706332
2019-11-24 11:35:51.694750071+02:00,0.0,0.0,0.0,21.404443837805687
2019-11-24 11:35:51.697099924+02:00,0.0,0.0,0.0,21.404441681221503
2019-11-24 11:35:51.713599920+02:00,0.0,0.0,0.0,21.404426539247464
2019-11-24 11:35:51.733599901+02:00,0.0,0.0,0.0,21.404408185339534
2019-11-24 11:35:51.753649950+02:00,0.0,0.0,0.0,21.40438978554684
2019-11-24 11:35:51.773600101+02:00,0.0,0.0,0.0,21.404371477523686
2019-11-24 11:35:51.794749975+02:00,0.0,0.0,0.0,21.404352068266054
2019-11-24 11:35:51.806900024+02:00,0.0,0.0,0.0,21.404340918266985
2019-11-24 11:35:51.813649893+02:00,0.0,0.0,0.0,21.40433472382306
2019-11-24 11:35:51.833600044+02:00,0.0,0.0,0.0,21.4043164157999
2019-11-24 11:35:51.853650093+02:00,0.0,0.0,0.0,21.404298016007207
2019-11-24 11:35:51.873650074+02:00,0.0,0.0,0.0,21.40427966209928
2019-11-24 11:35:51.894799948+02:00,0.0,0.0,0.0,21.40426025284165
2019-11-24 11:35:51.897049904+02:00,0.0,0.0,0.0,21.404258188027
2019-11-24 11:35:51.913650036+02:00,0.0,0.0,0.0,21.404242954283426
2019-11-24 11:35:51.933599949+02:00,0.0,0.0,0.0,21.404224646260268
2019-11-24 11:35:51.953649998+02:00,0.0,0.0,0.0,21.404206246467574
2019-11-24 11:35:51.973649979+02:00,0.0,0.0,0.0,21.404187892559648
2019-11-24 11:35:51.994750023+02:00,0.0,0.0,0.0,21.40416852918678
2019-11-24 11:35:51.997050047+02:00,0.0,0.0,0.0,21.404166418487367
2019-11-24 11:35:52.013649940+02:00,0.0,0.0,0.0,21.404151184743792
2019-11-24 11:35:52.033649921+02:00,0.0,0.0,0.0,21.404132830835863
2019-11-24 11:35:52.053699970+02:00,0.0,0.0,0.0,21.40411443104317
2019-11-24 11:35:52.073649883+02:00,0.0,0.0,0.0,21.404096123020008
2019-11-24 11:35:52.094799995+02:00,0.0,0.0,0.0,21.404076713762375
2019-11-24 11:35:52.097100019+02:00,0.0,0.0,0.0,21.404074603062963
2019-11-24 11:35:52.113650084+02:00,0.0,0.0,0.0,21.404059415204156
2019-11-24 11:35:52.133650064+02:00,0.0,0.0,0.0,21.40404106129623
2019-11-24 11:35:52.153650045+02:00,0.0,0.0,0.0,21.404022707388307
2019-11-24 11:35:52.173650026+02:00,0.0,0.0,0.0,21.404004353480374
2019-11-24 11:35:52.194799900+02:00,0.0,0.0,0.0,21.403984944222742
2019-11-24 11:35:52.197099924+02:00,0.0,0.0,0.0,21.40398283352333
2019-11-24 11:35:52.213649988+02:00,0.0,0.0,0.0,21.403967645664522
2019-11-24 11:35:52.233649969+02:00,0.0,0.0,0.0,21.403949291756597
2019-11-24 11:35:52.253649950+02:00,0.0,0.0,0.0,21.403930937848667
2019-11-24 11:35:52.273649931+02:00,0.0,0.0,0.0,21.40391258394074
2019-11-24 11:35:52.294800043+02:00,0.0,0.0,0.0,21.40389317468311
2019-11-24 11:35:52.301749945+02:00,0.0,0.0,0.0,21.403886796700103
2019-11-24 11:35:52.313699961+02:00,0.0,0.0,0.0,21.403875830240118
2019-11-24 11:35:52.333650112+02:00,0.0,0.0,0.0,21.403857522216963
2019-11-24 11:35:52.353650093+02:00,0.0,0.0,0.0,21.403839168309034
2019-11-24 11:35:52.373650074+02:00,0.0,0.0,0.0,21.40382081440111
2019-11-24 11:35:52.394799948+02:00,0.0,0.0,0.0,21.403801405143476
2019-11-24 11:35:52.397099972+02:00,0.0,0.0,0.0,21.403799294444067
2019-11-24 11:35:52.413650036+02:00,0.0,0.0,0.0,21.403784106585256
2019-11-24 11:35:52.433650017+02:00,0.0,0.0,0.0,21.403765752677323
2019-11-24 11:35:52.453649998+02:00,0.0,0.0,0.0,21.4037473987694
2019-11-24 11:35:52.473649979+02:00,0.0,0.0,0.0,21.40372904486148
2019-11-24 11:35:52.494800091+02:00,0.0,0.0,0.0,21.403709635603843
2019-11-24 11:35:52.497100115+02:00,0.0,0.0,0.0,21.403707524904434
2019-11-24 11:35:52.513649940+02:00,0.0,0.0,0.0,21.403692337045623
2019-11-24 11:35:52.533649921+02:00,0.0,0.0,0.0,21.40367398313769
2019-11-24 11:35:52.553699970+02:00,0.0,0.0,0.0,21.403655583344996
2019-11-24 11:35:52.573649883+02:00,0.0,0.0,0.0,21.403637275321838
2019-11-24 11:35:52.594799995+02:00,0.0,0.0,0.0,21.403617866064202
2019-11-24 11:35:52.597100019+02:00,0.0,0.0,0.0,21.403615755364793
2019-11-24 11:35:52.613699913+02:00,0.0,0.0,0.0,21.403600521621218
2019-11-24 11:35:52.633650064+02:00,0.0,0.0,0.0,21.40358221359806
2019-11-24 11:35:52.653700113+02:00,0.0,0.0,0.0,21.403563813805363
2019-11-24 11:35:52.673700094+02:00,0.0,0.0,0.0,21.403545459897433
2019-11-24 11:35:52.694799900+02:00,0.0,0.0,0.0,21.403526096524573
2019-11-24 11:35:52.697099924+02:00,0.0,0.0,0.0,21.40352398582516
2019-11-24 11:35:52.713649988+02:00,0.0,0.0,0.0,21.40350879796635
2019-11-24 11:35:52.733649969+02:00,0.0,0.0,0.0,21.403490444058427
2019-11-24 11:35:52.753700018+02:00,0.0,0.0,0.0,21.40347204426573
2019-11-24 11:35:52.773649931+02:00,0.0,0.0,0.0,21.40345373624257
2019-11-24 11:35:52.794800043+02:00,0.0,0.0,0.0,21.40343432698494
2019-11-24 11:35:52.806900024+02:00,0.0,0.0,0.0,21.403423222870643
2019-11-24 11:35:52.813699961+02:00,0.0,0.0,0.0,21.403416982541945
2019-11-24 11:35:52.833699942+02:00,0.0,0.0,0.0,21.403398628634022
2019-11-24 11:35:52.853650093+02:00,0.0,0.0,0.0,21.40338032061086
2019-11-24 11:35:52.873650074+02:00,0.0,0.0,0.0,21.40336196670294
2019-11-24 11:35:52.894799948+02:00,0.0,0.0,0.0,21.403342557445306
2019-11-24 11:35:52.897150040+02:00,0.0,0.0,0.0,21.403340400861122
2019-11-24 11:35:52.913650036+02:00,0.0,0.0,0.0,21.403325258887083
2019-11-24 11:35:52.933650017+02:00,0.0,0.0,0.0,21.403306904979154
2019-11-24 11:35:52.953649998+02:00,0.0,0.0,0.0,21.403288551071228
2019-11-24 11:35:52.973649979+02:00,0.0,0.0,0.0,21.403270197163305
2019-11-24 11:35:52.994800091+02:00,0.0,0.0,0.0,21.403250787905673
2019-11-24 11:35:52.997149944+02:00,0.0,0.0,0.0,21.40324863132149
